Model name,input_shape,total_flops,total_params
ResNet-20,"(1, 32, 32, 3)",83003047,274442
ResNet-20,"(1, 32, 32, 3)",83003047,274442
ResNet-20,"(1, 56, 56, 3)",251946151,274442
ResNet-20,"(1, 64, 64, 3)",328758439,276362
ResNet-20,"(1, 75, 75, 3)",458815527,276362
ResNet-20,"(1, 112, 112, 3)",1004564135,279562
ResNet-20,"(1, 128, 128, 3)",1311780007,284042
ResNet-20,"(1, 150, 150, 3)",1816497639,284042
ResNet-20,"(1, 224, 224, 3)",4015089319,305162
ResNet-20,"(1, 240, 240, 3)",4608949927,305162
ResNet-20,"(1, 256, 256, 3)",5243866279,314762
ResNet-20,"(1, 299, 299, 3)",7183729191,325642
ResNet-20,"(1, 320, 320, 3)",8192930983,337802
ResNet-20,"(1, 331, 331, 3)",8799778855,337802
ResNet-20,"(1, 448, 448, 3)",16057103527,399242
ResNet-20,"(1, 480, 480, 3)",18432738983,417802
ResNet-20,"(1, 568, 568, 3)",25810347175,458762
ResNet-20,"(1, 600, 600, 3)",28800361127,481162
ResNet-20,"(1, 800, 800, 3)",51200124583,673802
ResNet-20,"(1, 896, 896, 3)",64225160359,775562
ResNet-20,"(1, 1024, 1024, 3)",83885591719,929162
ResNet-20,"(1, 1200, 1200, 3)",115198676647,1149962
ResNet-20,"(1, 1600, 1600, 3)",204797244583,1873802
ResNet-20,"(1, 1792, 1792, 3)",256897387687,2280842
ResNet-20,"(1, 2400, 2400, 3)",460792444583,3873802
ResNet-32,"(1, 32, 32, 3)",140574603,470218
ResNet-32,"(1, 56, 56, 3)",426657675,470218
ResNet-32,"(1, 64, 64, 3)",556715403,472138
ResNet-32,"(1, 75, 75, 3)",777154283,472138
ResNet-32,"(1, 112, 112, 3)",1701080971,475338
ResNet-32,"(1, 128, 128, 3)",2221278603,479818
ResNet-32,"(1, 150, 150, 3)",3076361483,479818
ResNet-32,"(1, 224, 224, 3)",6798827403,500938
ResNet-32,"(1, 240, 240, 3)",7804452747,500938
ResNet-32,"(1, 256, 256, 3)",8879531403,510538
ResNet-32,"(1, 299, 299, 3)",12165167339,521418
ResNet-32,"(1, 320, 320, 3)",13873221003,533578
ResNet-32,"(1, 331, 331, 3)",14901735147,533578
ResNet-32,"(1, 448, 448, 3)",27189726603,595018
ResNet-32,"(1, 480, 480, 3)",31212421003,613578
ResNet-32,"(1, 568, 568, 3)",43705141131,654538
ResNet-32,"(1, 600, 600, 3)",48768177547,676938
ResNet-32,"(1, 800, 800, 3)",86697861003,869578
ResNet-32,"(1, 896, 896, 3)",108753323403,971338
ResNet-32,"(1, 1024, 1024, 3)",142044587403,1124938
ResNet-32,"(1, 1200, 1200, 3)",195067613067,1345738
ResNet-32,"(1, 1600, 1600, 3)",346785861003,2069578
ResNet-32,"(1, 1792, 1792, 3)",435007710603,2476618
ResNet-32,"(1, 2400, 2400, 3)",780265861003,4069578
ResNet-56,"(1, 32, 32, 3)",255717715,861770
ResNet-56,"(1, 56, 56, 3)",776080723,861770
ResNet-56,"(1, 64, 64, 3)",1012629331,863690
ResNet-56,"(1, 75, 75, 3)",1413831795,863690
ResNet-56,"(1, 112, 112, 3)",3094114643,866890
ResNet-56,"(1, 128, 128, 3)",4040275795,871370
ResNet-56,"(1, 150, 150, 3)",5596089171,871370
ResNet-56,"(1, 224, 224, 3)",12366303571,892490
ResNet-56,"(1, 240, 240, 3)",14195458387,892490
ResNet-56,"(1, 256, 256, 3)",16150861651,902090
ResNet-56,"(1, 299, 299, 3)",22128043635,912970
ResNet-56,"(1, 320, 320, 3)",25233801043,925130
ResNet-56,"(1, 331, 331, 3)",27105647731,925130
ResNet-56,"(1, 448, 448, 3)",49454972755,986570
ResNet-56,"(1, 480, 480, 3)",56771785043,1005130
ResNet-56,"(1, 568, 568, 3)",79494729043,1046090
ResNet-56,"(1, 600, 600, 3)",88703810387,1068490
ResNet-56,"(1, 800, 800, 3)",157693333843,1261130
ResNet-56,"(1, 896, 896, 3)",197809649491,1362890
ResNet-56,"(1, 1024, 1024, 3)",258362578771,1516490
ResNet-56,"(1, 1200, 1200, 3)",354805485907,1737290
ResNet-56,"(1, 1600, 1600, 3)",630763093843,2461130
ResNet-56,"(1, 1792, 1792, 3)",791228356435,2868170
ResNet-56,"(1, 2400, 2400, 3)",1419212693843,4461130
ResNet-110,"(1, 32, 32, 3)",514789717,1742762
ResNet-110,"(1, 56, 56, 3)",1562282581,1742762
ResNet-110,"(1, 64, 64, 3)",2038435669,1744682
ResNet-110,"(1, 75, 75, 3)",2846356197,1744682
ResNet-110,"(1, 112, 112, 3)",6228440405,1747882
ResNet-110,"(1, 128, 128, 3)",8133019477,1752362
ResNet-110,"(1, 150, 150, 3)",11265476469,1752362
ResNet-110,"(1, 224, 224, 3)",24893124949,1773482
ResNet-110,"(1, 240, 240, 3)",28575221077,1773482
ResNet-110,"(1, 256, 256, 3)",32511354709,1783082
ResNet-110,"(1, 299, 299, 3)",44544515301,1793962
ResNet-110,"(1, 320, 320, 3)",50795106133,1806122
ResNet-110,"(1, 331, 331, 3)",54564451045,1806122
ResNet-110,"(1, 448, 448, 3)",99551776597,1867562
ResNet-110,"(1, 480, 480, 3)",114280354133,1886122
ResNet-110,"(1, 568, 568, 3)",160021301845,1927082
ResNet-110,"(1, 600, 600, 3)",178558984277,1949482
ResNet-110,"(1, 800, 800, 3)",317433147733,2142122
ResNet-110,"(1, 896, 896, 3)",398186383189,2243882
ResNet-110,"(1, 1024, 1024, 3)",520078059349,2397482
ResNet-110,"(1, 1200, 1200, 3)",714215699797,2618282
ResNet-110,"(1, 1600, 1600, 3)",1269711867733,3342122
ResNet-110,"(1, 1792, 1792, 3)",1592724809557,3749162
ResNet-110,"(1, 2400, 2400, 3)",2856843067733,5342122
ResNet-164,"(1, 32, 32, 3)",773861719,2623754
ResNet-164,"(1, 56, 56, 3)",2348484439,2623754
ResNet-164,"(1, 64, 64, 3)",3064242007,2625674
ResNet-164,"(1, 75, 75, 3)",4278880599,2625674
ResNet-164,"(1, 112, 112, 3)",9362766167,2628874
ResNet-164,"(1, 128, 128, 3)",12225763159,2633354
ResNet-164,"(1, 150, 150, 3)",16934863767,2633354
ResNet-164,"(1, 224, 224, 3)",37419946327,2654474
ResNet-164,"(1, 240, 240, 3)",42954983767,2654474
ResNet-164,"(1, 256, 256, 3)",48871847767,2664074
ResNet-164,"(1, 299, 299, 3)",66960986967,2674954
ResNet-164,"(1, 320, 320, 3)",76356411223,2687114
ResNet-164,"(1, 331, 331, 3)",82023254359,2687114
ResNet-164,"(1, 448, 448, 3)",149648580439,2748554
ResNet-164,"(1, 480, 480, 3)",171788923223,2767114
ResNet-164,"(1, 568, 568, 3)",240547874647,2808074
ResNet-164,"(1, 600, 600, 3)",268414158167,2830474
ResNet-164,"(1, 800, 800, 3)",477172961623,3023114
ResNet-164,"(1, 896, 896, 3)",598563116887,3124874
ResNet-164,"(1, 1024, 1024, 3)",781793539927,3278474
ResNet-164,"(1, 1200, 1200, 3)",1073625913687,3499274
ResNet-164,"(1, 1600, 1600, 3)",1908660641623,4223114
ResNet-164,"(1, 1792, 1792, 3)",2394221262679,4630154
ResNet-164,"(1, 2400, 2400, 3)",4294473441623,6223114
ResNet-56V2,"(1, 32, 32, 3)",394866996,1673738
ResNet-56V2,"(1, 56, 56, 3)",1195602228,1673738
ResNet-56V2,"(1, 64, 64, 3)",1559652660,1681418
ResNet-56V2,"(1, 75, 75, 3)",2188350500,1681418
ResNet-56V2,"(1, 112, 112, 3)",4762726708,1694218
ResNet-56V2,"(1, 128, 128, 3)",6218795316,1712138
ResNet-56V2,"(1, 150, 150, 3)",8635497076,1712138
ResNet-56V2,"(1, 224, 224, 3)",19031437620,1796618
ResNet-56V2,"(1, 240, 240, 3)",21846143284,1796618
ResNet-56V2,"(1, 256, 256, 3)",24855365940,1835018
ResNet-56V2,"(1, 299, 299, 3)",34098272292,1878538
ResNet-56V2,"(1, 320, 320, 3)",38832793908,1927178
ResNet-56V2,"(1, 331, 331, 3)",41762927652,1927178
ResNet-56V2,"(1, 448, 448, 3)",76105935156,2172938
ResNet-56V2,"(1, 480, 480, 3)",87365529908,2247178
ResNet-56V2,"(1, 568, 568, 3)",122332672308,2411018
ResNet-56V2,"(1, 600, 600, 3)",136504191284,2500618
ResNet-56V2,"(1, 800, 800, 3)",242670285108,3271178
ResNet-56V2,"(1, 896, 896, 3)",304403925300,3678218
ResNet-56V2,"(1, 1024, 1024, 3)",397586778420,4292618
ResNet-56V2,"(1, 1200, 1200, 3)",545998893364,5175818
ResNet-56V2,"(1, 1600, 1600, 3)",970661325108,8071178
ResNet-56V2,"(1, 1792, 1792, 3)",1217595885876,9699338
ResNet-56V2,"(1, 2400, 2400, 3)",2183979725108,16071178
ResNet-110V2,"(1, 32, 32, 3)",783888150,3323210
ResNet-110V2,"(1, 56, 56, 3)",2373531414,3323210
ResNet-110V2,"(1, 64, 64, 3)",3096176406,3330890
ResNet-110V2,"(1, 75, 75, 3)",4344383942,3330890
ResNet-110V2,"(1, 112, 112, 3)",9454882582,3343690
ResNet-110V2,"(1, 128, 128, 3)",12345329430,3361610
ResNet-110V2,"(1, 150, 150, 3)",17143236694,3361610
ResNet-110V2,"(1, 224, 224, 3)",37780500246,3446090
ResNet-110V2,"(1, 240, 240, 3)",43368337174,3446090
ResNet-110V2,"(1, 256, 256, 3)",49341941526,3484490
ResNet-110V2,"(1, 299, 299, 3)",67691175366,3528010
ResNet-110V2,"(1, 320, 320, 3)",77089400598,3576650
ResNet-110V2,"(1, 331, 331, 3)",82906819014,3576650
ResNet-110V2,"(1, 448, 448, 3)",151082624790,3822410
ResNet-110V2,"(1, 480, 480, 3)",173434744598,3896650
ResNet-110V2,"(1, 568, 568, 3)",242850871062,4060490
ResNet-110V2,"(1, 600, 600, 3)",270983671574,4150090
ResNet-110V2,"(1, 800, 800, 3)",481739845398,4920650
ResNet-110V2,"(1, 896, 896, 3)",604291122966,5327690
ResNet-110V2,"(1, 1024, 1024, 3)",789274183446,5942090
ResNet-110V2,"(1, 1200, 1200, 3)",1083897253654,6825290
ResNet-110V2,"(1, 1600, 1600, 3)",1926920005398,9720650
ResNet-110V2,"(1, 1792, 1792, 3)",2417125115670,11348810
ResNet-110V2,"(1, 2400, 2400, 3)",4335553605398,17720650
ResNet-164V2,"(1, 32, 32, 3)",1172909304,4972682
ResNet-164V2,"(1, 56, 56, 3)",3551460600,4972682
ResNet-164V2,"(1, 64, 64, 3)",4632700152,4980362
ResNet-164V2,"(1, 75, 75, 3)",6500417384,4980362
ResNet-164V2,"(1, 112, 112, 3)",14147038456,4993162
ResNet-164V2,"(1, 128, 128, 3)",18471863544,5011082
ResNet-164V2,"(1, 150, 150, 3)",25650976312,5011082
ResNet-164V2,"(1, 224, 224, 3)",56529562872,5095562
ResNet-164V2,"(1, 240, 240, 3)",64890531064,5095562
ResNet-164V2,"(1, 256, 256, 3)",73828517112,5133962
ResNet-164V2,"(1, 299, 299, 3)",101284078440,5177482
ResNet-164V2,"(1, 320, 320, 3)",115346007288,5226122
ResNet-164V2,"(1, 331, 331, 3)",124050710376,5226122
ResNet-164V2,"(1, 448, 448, 3)",226059314424,5471882
ResNet-164V2,"(1, 480, 480, 3)",259503959288,5546122
ResNet-164V2,"(1, 568, 568, 3)",363369069816,5709962
ResNet-164V2,"(1, 600, 600, 3)",405463151864,5799562
ResNet-164V2,"(1, 800, 800, 3)",720809405688,6570122
ResNet-164V2,"(1, 896, 896, 3)",904178320632,6977162
ResNet-164V2,"(1, 1024, 1024, 3)",1180961588472,7591562
ResNet-164V2,"(1, 1200, 1200, 3)",1621795613944,8474762
ResNet-164V2,"(1, 1600, 1600, 3)",2883178685688,11370122
ResNet-164V2,"(1, 1792, 1792, 3)",3616654345464,12998282
ResNet-164V2,"(1, 2400, 2400, 3)",6487127485688,19370122
ResNext-50,"(1, 32, 32, 3)",226933201,25097137
ResNext-50,"(1, 56, 56, 3)",666861265,25097137
ResNext-50,"(1, 64, 64, 3)",745155025,25097137
ResNext-50,"(1, 75, 75, 3)",1184041745,25097137
ResNext-50,"(1, 112, 112, 3)",2271303121,25097137
ResNext-50,"(1, 128, 128, 3)",2818042321,25097137
ResNext-50,"(1, 150, 150, 3)",4166302801,25097137
ResNext-50,"(1, 224, 224, 3)",8518482385,25097137
ResNext-50,"(1, 240, 240, 3)",9979663825,25097137
ResNext-50,"(1, 256, 256, 3)",11109591505,25097137
ResNext-50,"(1, 299, 299, 3)",15814295313,25097137
ResNext-50,"(1, 320, 320, 3)",17328253393,25097137
ResNext-50,"(1, 331, 331, 3)",19286256401,25097137
ResNext-50,"(1, 448, 448, 3)",33911351761,25097137
ResNext-50,"(1, 480, 480, 3)",38920829393,25097137
ResNext-50,"(1, 568, 568, 3)",55275749073,25097137
ResNext-50,"(1, 600, 600, 3)",61625394897,25097137
ResNext-50,"(1, 800, 800, 3)",108017072593,25097137
ResNext-50,"(1, 896, 896, 3)",135482829265,25097137
ResNext-50,"(1, 1024, 1024, 3)",176940575185,25097137
ResNext-50,"(1, 1200, 1200, 3)",243987789265,25097137
ResNext-50,"(1, 1600, 1600, 3)",431905712593,25097137
ResNext-50,"(1, 1792, 1792, 3)",541768739281,25097137
ResNext-50,"(1, 2400, 2400, 3)",971720112593,25097137
ResNext-101,"(1, 32, 32, 3)",417969273,44315569
ResNext-101,"(1, 56, 56, 3)",1316006265,44315569
ResNext-101,"(1, 64, 64, 3)",1394300025,44315569
ResNext-101,"(1, 75, 75, 3)",2176768441,44315569
ResNext-101,"(1, 112, 112, 3)",4180247673,44315569
ResNext-101,"(1, 128, 128, 3)",5299623033,44315569
ResNext-101,"(1, 150, 150, 3)",8022210297,44315569
ResNext-101,"(1, 224, 224, 3)",16039261305,44315569
ResNext-101,"(1, 240, 240, 3)",18607539321,44315569
ResNext-101,"(1, 256, 256, 3)",20920915065,44315569
ResNext-101,"(1, 299, 299, 3)",29634071993,44315569
ResNext-101,"(1, 320, 320, 3)",32636884089,44315569
ResNext-101,"(1, 331, 331, 3)",36160092601,44315569
ResNext-101,"(1, 448, 448, 3)",63879468153,44315569
ResNext-101,"(1, 480, 480, 3)",73317332089,44315569
ResNext-101,"(1, 568, 568, 3)",104789846393,44315569
ResNext-101,"(1, 600, 600, 3)",116789502329,44315569
ResNext-101,"(1, 800, 800, 3)",203494765689,44315569
ResNext-101,"(1, 896, 896, 3)",255240295545,44315569
ResNext-101,"(1, 1024, 1024, 3)",333346755705,44315569
ResNext-101,"(1, 1200, 1200, 3)",458764682361,44315569
ResNext-101,"(1, 1600, 1600, 3)",813701485689,44315569
ResNext-101,"(1, 1792, 1792, 3)",1020683605113,44315569
ResNext-101,"(1, 2400, 2400, 3)",1830712685689,44315569
SEResNet-18,"(1, 32, 32, 3)",99396803,11788969
SEResNet-18,"(1, 56, 56, 3)",284788931,11788969
SEResNet-18,"(1, 64, 64, 3)",323288771,11788969
SEResNet-18,"(1, 75, 75, 3)",522561155,11788969
SEResNet-18,"(1, 112, 112, 3)",1001919683,11788969
SEResNet-18,"(1, 128, 128, 3)",1218856643,11788969
SEResNet-18,"(1, 150, 150, 3)",1787591747,11788969
SEResNet-18,"(1, 224, 224, 3)",3681668291,11788969
SEResNet-18,"(1, 240, 240, 3)",4352791747,11788969
SEResNet-18,"(1, 256, 256, 3)",4801128131,11788969
SEResNet-18,"(1, 299, 299, 3)",6866517123,11788969
SEResNet-18,"(1, 320, 320, 3)",7487831747,11788969
SEResNet-18,"(1, 331, 331, 3)",8369841795,11788969
SEResNet-18,"(1, 448, 448, 3)",14652374723,11788969
SEResNet-18,"(1, 480, 480, 3)",16816663747,11788969
SEResNet-18,"(1, 568, 568, 3)",23838066883,11788969
SEResNet-18,"(1, 600, 600, 3)",26578867907,11788969
SEResNet-18,"(1, 800, 800, 3)",46668926147,11788969
SEResNet-18,"(1, 896, 896, 3)",58535200451,11788969
SEResNet-18,"(1, 1024, 1024, 3)",76446557891,11788969
SEResNet-18,"(1, 1200, 1200, 3)",105607601347,11788969
SEResNet-18,"(1, 1600, 1600, 3)",186601406147,11788969
SEResNet-18,"(1, 1792, 1792, 3)",234066503363,11788969
SEResNet-18,"(1, 2400, 2400, 3)",419822206147,11788969
SEResNet-34,"(1, 32, 32, 3)",195435319,21976669
SEResNet-34,"(1, 56, 56, 3)",580869943,21976669
SEResNet-34,"(1, 64, 64, 3)",645934903,21976669
SEResNet-34,"(1, 75, 75, 3)",1035361207,21976669
SEResNet-34,"(1, 112, 112, 3)",1983131959,21976669
SEResNet-34,"(1, 128, 128, 3)",2447933239,21976669
SEResNet-34,"(1, 150, 150, 3)",3627421879,21976669
SEResNet-34,"(1, 224, 224, 3)",7403428663,21976669
SEResNet-34,"(1, 240, 240, 3)",8695337271,21976669
SEResNet-34,"(1, 256, 256, 3)",9655926583,21976669
SEResNet-34,"(1, 299, 299, 3)",13773864887,21976669
SEResNet-34,"(1, 320, 320, 3)",15061921591,21976669
SEResNet-34,"(1, 331, 331, 3)",16794983351,21976669
SEResNet-34,"(1, 448, 448, 3)",29477908279,21976669
SEResNet-34,"(1, 480, 480, 3)",33832737591,21976669
SEResNet-34,"(1, 568, 568, 3)",48078937911,21976669
SEResNet-34,"(1, 600, 600, 3)",53600398135,21976669
SEResNet-34,"(1, 800, 800, 3)",93899348791,21976669
SEResNet-34,"(1, 896, 896, 3)",117775826743,21976669
SEResNet-34,"(1, 1024, 1024, 3)",153815793463,21976669
SEResNet-34,"(1, 1200, 1200, 3)",212206735671,21976669
SEResNet-34,"(1, 1600, 1600, 3)",375461588791,21976669
SEResNet-34,"(1, 1792, 1792, 3)",470967500599,21976669
SEResNet-34,"(1, 2400, 2400, 3)",844731988791,21976669
SEResNet-50,"(1, 32, 32, 3)",223078176,28141144
SEResNet-50,"(1, 56, 56, 3)",629650464,28141144
SEResNet-50,"(1, 64, 64, 3)",696362784,28141144
SEResNet-50,"(1, 75, 75, 3)",1113903712,28141144
SEResNet-50,"(1, 112, 112, 3)",2110038816,28141144
SEResNet-50,"(1, 128, 128, 3)",2589501216,28141144
SEResNet-50,"(1, 150, 150, 3)",3833061792,28141144
SEResNet-50,"(1, 224, 224, 3)",7795631904,28141144
SEResNet-50,"(1, 240, 240, 3)",9171165984,28141144
SEResNet-50,"(1, 256, 256, 3)",10162054944,28141144
SEResNet-50,"(1, 299, 299, 3)",14518744672,28141144
SEResNet-50,"(1, 320, 320, 3)",15841470240,28141144
SEResNet-50,"(1, 331, 331, 3)",17695814240,28141144
SEResNet-50,"(1, 448, 448, 3)",30986577696,28141144
SEResNet-50,"(1, 480, 480, 3)",35561662240,28141144
SEResNet-50,"(1, 568, 568, 3)",50544063520,28141144
SEResNet-50,"(1, 600, 600, 3)",56345660448,28141144
SEResNet-50,"(1, 800, 800, 3)",98666276640,28141144
SEResNet-50,"(1, 896, 896, 3)",123750360864,28141144
SEResNet-50,"(1, 1024, 1024, 3)",161613129504,28141144
SEResNet-50,"(1, 1200, 1200, 3)",223046386464,28141144
SEResNet-50,"(1, 1600, 1600, 3)",394469156640,28141144
SEResNet-50,"(1, 1792, 1792, 3)",494805493536,28141144
SEResNet-50,"(1, 2400, 2400, 3)",887473956640,28141144
SEResNet-101,"(1, 32, 32, 3)",421748251,49432216
SEResNet-101,"(1, 56, 56, 3)",1283504923,49432216
SEResNet-101,"(1, 64, 64, 3)",1350217243,49432216
SEResNet-101,"(1, 75, 75, 3)",2109146459,49432216
SEResNet-101,"(1, 112, 112, 3)",4015650331,49432216
SEResNet-101,"(1, 128, 128, 3)",5064093211,49432216
SEResNet-101,"(1, 150, 150, 3)",7673206939,49432216
SEResNet-101,"(1, 224, 224, 3)",15277252123,49432216
SEResNet-101,"(1, 240, 240, 3)",17752815131,49432216
SEResNet-101,"(1, 256, 256, 3)",19919597083,49432216
SEResNet-101,"(1, 299, 299, 3)",28259150171,49432216
SEResNet-101,"(1, 320, 320, 3)",31061224987,49432216
SEResNet-101,"(1, 331, 331, 3)",34470782299,49432216
SEResNet-101,"(1, 448, 448, 3)",60772232731,49432216
SEResNet-101,"(1, 480, 480, 3)",69747432987,49432216
SEResNet-101,"(1, 568, 568, 3)",99750918939,49432216
SEResNet-101,"(1, 600, 600, 3)",111166456603,49432216
SEResNet-101,"(1, 800, 800, 3)",193543298587,49432216
SEResNet-101,"(1, 896, 896, 3)",242752155163,49432216
SEResNet-101,"(1, 1024, 1024, 3)",317029674523,49432216
SEResNet-101,"(1, 1200, 1200, 3)",436461008411,49432216
SEResNet-101,"(1, 1600, 1600, 3)",773836418587,49432216
SEResNet-101,"(1, 1792, 1792, 3)",970671844891,49432216
SEResNet-101,"(1, 2400, 2400, 3)",1740991618587,49432216
SEResNet-152,"(1, 32, 32, 3)",612192406,66973272
SEResNet-152,"(1, 56, 56, 3)",1895765398,66973272
SEResNet-152,"(1, 64, 64, 3)",1995993238,66973272
SEResNet-152,"(1, 75, 75, 3)",3096421334,66973272
SEResNet-152,"(1, 112, 112, 3)",5913588886,66973272
SEResNet-152,"(1, 128, 128, 3)",7531196566,66973272
SEResNet-152,"(1, 150, 150, 3)",11419165462,66973272
SEResNet-152,"(1, 224, 224, 3)",22753005718,66973272
SEResNet-152,"(1, 240, 240, 3)",26328954006,66973272
SEResNet-152,"(1, 256, 256, 3)",29672009878,66973272
SEResNet-152,"(1, 299, 299, 3)",41995716566,66973272
SEResNet-152,"(1, 320, 320, 3)",46277619862,66973272
SEResNet-152,"(1, 331, 331, 3)",51242894294,66973272
SEResNet-152,"(1, 448, 448, 3)",90559246486,66973272
SEResNet-152,"(1, 480, 480, 3)",103935987862,66973272
SEResNet-152,"(1, 568, 568, 3)",148645909910,66973272
SEResNet-152,"(1, 600, 600, 3)",165659331990,66973272
SEResNet-152,"(1, 800, 800, 3)",288442765462,66973272
SEResNet-152,"(1, 896, 896, 3)",361784209558,66973272
SEResNet-152,"(1, 1024, 1024, 3)",472488276118,66973272
SEResNet-152,"(1, 1200, 1200, 3)",649936475286,66973272
SEResNet-152,"(1, 1600, 1600, 3)",1153318285462,66973272
SEResNet-152,"(1, 1792, 1792, 3)",1446684061846,66973272
SEResNet-152,"(1, 2400, 2400, 3)",2594777485462,66973272
SEResNext-50,"(1, 32, 32, 3)",237234320,27628120
SEResNext-50,"(1, 56, 56, 3)",677684624,27628120
SEResNext-50,"(1, 64, 64, 3)",756131984,27628120
SEResNext-50,"(1, 75, 75, 3)",1195499472,27628120
SEResNext-50,"(1, 112, 112, 3)",2284184720,27628120
SEResNext-50,"(1, 128, 128, 3)",2831722640,27628120
SEResNext-50,"(1, 150, 150, 3)",4181611280,27628120
SEResNext-50,"(1, 224, 224, 3)",8539596944,27628120
SEResNext-50,"(1, 240, 240, 3)",10002506896,27628120
SEResNext-50,"(1, 256, 256, 3)",11134085264,27628120
SEResNext-50,"(1, 299, 299, 3)",15844590544,27628120
SEResNext-50,"(1, 320, 320, 3)",17360857232,27628120
SEResNext-50,"(1, 331, 331, 3)",19321044944,27628120
SEResNext-50,"(1, 448, 448, 3)",33965582480,27628120
SEResNext-50,"(1, 480, 480, 3)",38981593232,27628120
SEResNext-50,"(1, 568, 568, 3)",55357351312,27628120
SEResNext-50,"(1, 600, 600, 3)",61715250576,27628120
SEResNext-50,"(1, 800, 800, 3)",108167948432,27628120
SEResNext-50,"(1, 896, 896, 3)",135669524624,27628120
SEResNext-50,"(1, 1024, 1024, 3)",177181337744,27628120
SEResNext-50,"(1, 1200, 1200, 3)",244315128976,27628120
SEResNext-50,"(1, 1600, 1600, 3)",432478988432,27628120
SEResNext-50,"(1, 1792, 1792, 3)",542485293200,27628120
SEResNext-50,"(1, 2400, 2400, 3)",972997388432,27628120
SEResNext-101,"(1, 32, 32, 3)",437341082,49093272
SEResNext-101,"(1, 56, 56, 3)",1336318106,49093272
SEResNext-101,"(1, 64, 64, 3)",1414765466,49093272
SEResNext-101,"(1, 75, 75, 3)",2198027994,49093272
SEResNext-101,"(1, 112, 112, 3)",4203766682,49093272
SEResNext-101,"(1, 128, 128, 3)",5324463002,49093272
SEResNext-101,"(1, 150, 150, 3)",8049931802,49093272
SEResNext-101,"(1, 224, 224, 3)",16076131226,49093272
SEResNext-101,"(1, 240, 240, 3)",18647147418,49093272
SEResNext-101,"(1, 256, 256, 3)",20963253146,49093272
SEResNext-101,"(1, 299, 299, 3)",29685867226,49093272
SEResNext-101,"(1, 320, 320, 3)",32692345754,49093272
SEResNext-101,"(1, 331, 331, 3)",36219166426,49093272
SEResNext-101,"(1, 448, 448, 3)",63969926042,49093272
SEResNext-101,"(1, 480, 480, 3)",73418361754,49093272
SEResNext-101,"(1, 568, 568, 3)",104925501594,49093272
SEResNext-101,"(1, 600, 600, 3)",116938563738,49093272
SEResNext-101,"(1, 800, 800, 3)",203741612954,49093272
SEResNext-101,"(1, 896, 896, 3)",255545105306,49093272
SEResNext-101,"(1, 1024, 1024, 3)",333739056026,49093272
SEResNext-101,"(1, 1200, 1200, 3)",459296793498,49093272
SEResNext-101,"(1, 1600, 1600, 3)",814631852954,49093272
SEResNext-101,"(1, 1792, 1792, 3)",1021845822362,49093272
SEResNext-101,"(1, 2400, 2400, 3)",1832782252954,49093272
EfficientNet-B0,"(1, 32, 32, 3)",30296740,5288548
EfficientNet-B0,"(1, 56, 56, 3)",73222204,5288548
EfficientNet-B0,"(1, 64, 64, 3)",78007684,5288548
EfficientNet-B0,"(1, 75, 75, 3)",125756716,5288548
EfficientNet-B0,"(1, 112, 112, 3)",228573940,5288548
EfficientNet-B0,"(1, 128, 128, 3)",268851460,5288548
EfficientNet-B0,"(1, 150, 150, 3)",398541820,5288548
EfficientNet-B0,"(1, 224, 224, 3)",793671844,5288548
EfficientNet-B0,"(1, 240, 240, 3)",948986356,5288548
EfficientNet-B0,"(1, 256, 256, 3)",1032226564,5288548
EfficientNet-B0,"(1, 299, 299, 3)",1491393100,5288548
EfficientNet-B0,"(1, 320, 320, 3)",1604757892,5288548
EfficientNet-B0,"(1, 331, 331, 3)",1813713196,5288548
EfficientNet-B0,"(1, 448, 448, 3)",3131508100,5288548
EfficientNet-B0,"(1, 480, 480, 3)",3592713892,5288548
EfficientNet-B0,"(1, 568, 568, 3)",5121553468,5288548
EfficientNet-B0,"(1, 600, 600, 3)",5707436188,5288548
EfficientNet-B0,"(1, 800, 800, 3)",9954173092,5288548
EfficientNet-B0,"(1, 896, 896, 3)",12482853124,5288548
EfficientNet-B0,"(1, 1024, 1024, 3)",16299728644,5288548
EfficientNet-B0,"(1, 1200, 1200, 3)",22573800436,5288548
EfficientNet-B0,"(1, 1600, 1600, 3)",39773513092,5288548
EfficientNet-B0,"(1, 1792, 1792, 3)",49888233220,5288548
EfficientNet-B0,"(1, 2400, 2400, 3)",89472413092,5288548
EfficientNet-B1,"(1, 32, 32, 3)",43867822,7794184
EfficientNet-B1,"(1, 56, 56, 3)",107587582,7794184
EfficientNet-B1,"(1, 64, 64, 3)",114384142,7794184
EfficientNet-B1,"(1, 75, 75, 3)",187914814,7794184
EfficientNet-B1,"(1, 112, 112, 3)",340596382,7794184
EfficientNet-B1,"(1, 128, 128, 3)",396449422,7794184
EfficientNet-B1,"(1, 150, 150, 3)",589191806,7794184
EfficientNet-B1,"(1, 224, 224, 3)",1172128942,7794184
EfficientNet-B1,"(1, 240, 240, 3)",1409280926,7794184
EfficientNet-B1,"(1, 256, 256, 3)",1524710542,7794184
EfficientNet-B1,"(1, 299, 299, 3)",2213927390,7794184
EfficientNet-B1,"(1, 320, 320, 3)",2370906382,7794184
EfficientNet-B1,"(1, 331, 331, 3)",2691401278,7794184
EfficientNet-B1,"(1, 448, 448, 3)",4627428622,7794184
EfficientNet-B1,"(1, 480, 480, 3)",5309086382,7794184
EfficientNet-B1,"(1, 568, 568, 3)",7571331070,7794184
EfficientNet-B1,"(1, 600, 600, 3)",8437407518,7794184
EfficientNet-B1,"(1, 800, 800, 3)",14711262382,7794184
EfficientNet-B1,"(1, 896, 896, 3)",18448627342,7794184
EfficientNet-B1,"(1, 1024, 1024, 3)",24089932942,7794184
EfficientNet-B1,"(1, 1200, 1200, 3)",33399963806,7794184
EfficientNet-B1,"(1, 1600, 1600, 3)",58783962382,7794184
EfficientNet-B1,"(1, 1792, 1792, 3)",73733422222,7794184
EfficientNet-B1,"(1, 2400, 2400, 3)",132238462382,7794184
EfficientNet-B2,"(1, 32, 32, 3)",50814930,9109994
EfficientNet-B2,"(1, 56, 56, 3)",124735986,9109994
EfficientNet-B2,"(1, 64, 64, 3)",132279906,9109994
EfficientNet-B2,"(1, 75, 75, 3)",218400818,9109994
EfficientNet-B2,"(1, 112, 112, 3)",394571970,9109994
EfficientNet-B2,"(1, 128, 128, 3)",458139810,9109994
EfficientNet-B2,"(1, 150, 150, 3)",681785026,9109994
EfficientNet-B2,"(1, 224, 224, 3)",1354254546,9109994
EfficientNet-B2,"(1, 240, 240, 3)",1630205890,9109994
EfficientNet-B2,"(1, 256, 256, 3)",1761579426,9109994
EfficientNet-B2,"(1, 299, 299, 3)",2562121666,9109994
EfficientNet-B2,"(1, 320, 320, 3)",2739159138,9109994
EfficientNet-B2,"(1, 331, 331, 3)",3114178866,9109994
EfficientNet-B2,"(1, 448, 448, 3)",5346038370,9109994
EfficientNet-B2,"(1, 480, 480, 3)",6133533138,9109994
EfficientNet-B2,"(1, 568, 568, 3)",8749958642,9109994
EfficientNet-B2,"(1, 600, 600, 3)",9750669922,9109994
EfficientNet-B2,"(1, 800, 800, 3)",16995529938,9109994
EfficientNet-B2,"(1, 896, 896, 3)",21313173666,9109994
EfficientNet-B2,"(1, 1024, 1024, 3)",27830371746,9109994
EfficientNet-B2,"(1, 1200, 1200, 3)",38595552130,9109994
EfficientNet-B2,"(1, 1600, 1600, 3)",67911139938,9109994
EfficientNet-B2,"(1, 1792, 1792, 3)",85181714850,9109994
EfficientNet-B2,"(1, 2400, 2400, 3)",152770489938,9109994
EfficientNet-B3,"(1, 32, 32, 3)",70895514,12233232
EfficientNet-B3,"(1, 56, 56, 3)",178603506,12233232
EfficientNet-B3,"(1, 64, 64, 3)",189830706,12233232
EfficientNet-B3,"(1, 75, 75, 3)",311562714,12233232
EfficientNet-B3,"(1, 112, 112, 3)",568574274,12233232
EfficientNet-B3,"(1, 128, 128, 3)",665571474,12233232
EfficientNet-B3,"(1, 150, 150, 3)",991110986,12233232
EfficientNet-B3,"(1, 224, 224, 3)",1973858586,12233232
EfficientNet-B3,"(1, 240, 240, 3)",2368073666,12233232
EfficientNet-B3,"(1, 256, 256, 3)",2568534546,12233232
EfficientNet-B3,"(1, 299, 299, 3)",3722803442,12233232
EfficientNet-B3,"(1, 320, 320, 3)",3995756850,12233232
EfficientNet-B3,"(1, 331, 331, 3)",4527284058,12233232
EfficientNet-B3,"(1, 448, 448, 3)",7801682994,12233232
EfficientNet-B3,"(1, 480, 480, 3)",8951389850,12233232
EfficientNet-B3,"(1, 568, 568, 3)",12769218546,12233232
EfficientNet-B3,"(1, 600, 600, 3)",14230098074,12233232
EfficientNet-B3,"(1, 800, 800, 3)",24809415450,12233232
EfficientNet-B3,"(1, 896, 896, 3)",31112980626,12233232
EfficientNet-B3,"(1, 1024, 1024, 3)",40627795986,12233232
EfficientNet-B3,"(1, 1200, 1200, 3)",56302284386,12233232
EfficientNet-B3,"(1, 1600, 1600, 3)",99143910450,12233232
EfficientNet-B3,"(1, 1792, 1792, 3)",124358171154,12233232
EfficientNet-B3,"(1, 2400, 2400, 3)",223034735450,12233232
EfficientNet-B4,"(1, 32, 32, 3)",110320914,19341616
EfficientNet-B4,"(1, 56, 56, 3)",280344426,19341616
EfficientNet-B4,"(1, 64, 64, 3)",295821186,19341616
EfficientNet-B4,"(1, 75, 75, 3)",490171106,19341616
EfficientNet-B4,"(1, 112, 112, 3)",890312994,19341616
EfficientNet-B4,"(1, 128, 128, 3)",1037822274,19341616
EfficientNet-B4,"(1, 150, 150, 3)",1551858378,19341616
EfficientNet-B4,"(1, 224, 224, 3)",3078325266,19341616
EfficientNet-B4,"(1, 240, 240, 3)",3700974114,19341616
EfficientNet-B4,"(1, 256, 256, 3)",4005826626,19341616
EfficientNet-B4,"(1, 299, 299, 3)",5822582610,19341616
EfficientNet-B4,"(1, 320, 320, 3)",6231829890,19341616
EfficientNet-B4,"(1, 331, 331, 3)",7079023074,19341616
EfficientNet-B4,"(1, 448, 448, 3)",12167838594,19341616
EfficientNet-B4,"(1, 480, 480, 3)",13961007890,19341616
EfficientNet-B4,"(1, 568, 568, 3)",19934971754,19341616
EfficientNet-B4,"(1, 600, 600, 3)",22214554170,19341616
EfficientNet-B4,"(1, 800, 800, 3)",38694377490,19341616
EfficientNet-B4,"(1, 896, 896, 3)",48525891906,19341616
EfficientNet-B4,"(1, 1024, 1024, 3)",63365913666,19341616
EfficientNet-B4,"(1, 1200, 1200, 3)",87851024994,19341616
EfficientNet-B4,"(1, 1600, 1600, 3)",154632047490,19341616
EfficientNet-B4,"(1, 1792, 1792, 3)",193958105154,19341616
EfficientNet-B4,"(1, 2400, 2400, 3)",347861497490,19341616
MNASNet0.5,"(1, 32, 32, 3)",7947261,1400464
MNASNet0.5,"(1, 56, 56, 3)",18358989,1400464
MNASNet0.5,"(1, 64, 64, 3)",19917789,1400464
MNASNet0.5,"(1, 75, 75, 3)",31803981,1400464
MNASNet0.5,"(1, 112, 112, 3)",57749661,1400464
MNASNet0.5,"(1, 128, 128, 3)",67799901,1400464
MNASNet0.5,"(1, 150, 150, 3)",99388013,1400464
MNASNet0.5,"(1, 224, 224, 3)",199475709,1400464
MNASNet0.5,"(1, 240, 240, 3)",238557853,1400464
MNASNet0.5,"(1, 256, 256, 3)",259328349,1400464
MNASNet0.5,"(1, 299, 299, 3)",374155053,1400464
MNASNet0.5,"(1, 320, 320, 3)",402974685,1400464
MNASNet0.5,"(1, 331, 331, 3)",454983757,1400464
MNASNet0.5,"(1, 448, 448, 3)",786031581,1400464
MNASNet0.5,"(1, 480, 480, 3)",901746685,1400464
MNASNet0.5,"(1, 568, 568, 3)",1281913549,1400464
MNASNet0.5,"(1, 600, 600, 3)",1428718701,1400464
MNASNet0.5,"(1, 800, 800, 3)",2497817085,1400464
MNASNet0.5,"(1, 896, 896, 3)",3132255069,1400464
MNASNet0.5,"(1, 1024, 1024, 3)",4089897309,1400464
MNASNet0.5,"(1, 1200, 1200, 3)",5664598813,1400464
MNASNet0.5,"(1, 1600, 1600, 3)",9979397085,1400464
MNASNet0.5,"(1, 1792, 1792, 3)",12517149021,1400464
MNASNet0.5,"(1, 2400, 2400, 3)",22448697085,1400464
MNASNet0.35,"(1, 32, 32, 3)",4576477,807912
MNASNet0.35,"(1, 56, 56, 3)",10158685,807912
MNASNet0.35,"(1, 64, 64, 3)",11045965,807912
MNASNet0.35,"(1, 75, 75, 3)",17179645,807912
MNASNet0.35,"(1, 112, 112, 3)",31158157,807912
MNASNet0.35,"(1, 128, 128, 3)",36923917,807912
MNASNet0.35,"(1, 150, 150, 3)",53754861,807912
MNASNet0.35,"(1, 224, 224, 3)",108088285,807912
MNASNet0.35,"(1, 240, 240, 3)",128519821,807912
MNASNet0.35,"(1, 256, 256, 3)",140435725,807912
MNASNet0.35,"(1, 299, 299, 3)",201450221,807912
MNASNet0.35,"(1, 320, 320, 3)",218069581,807912
MNASNet0.35,"(1, 331, 331, 3)",245026557,807912
MNASNet0.35,"(1, 448, 448, 3)",425093197,807912
MNASNet0.35,"(1, 480, 480, 3)",487631581,807912
MNASNet0.35,"(1, 568, 568, 3)",692665949,807912
MNASNet0.35,"(1, 600, 600, 3)",771983085,807912
MNASNet0.35,"(1, 800, 800, 3)",1350229981,807912
MNASNet0.35,"(1, 896, 896, 3)",1693112845,807912
MNASNet0.35,"(1, 1024, 1024, 3)",2210671885,807912
MNASNet0.35,"(1, 1200, 1200, 3)",3058358221,807912
MNASNet0.35,"(1, 1600, 1600, 3)",5393659981,807912
MNASNet0.35,"(1, 1792, 1792, 3)",6765191437,807912
MNASNet0.35,"(1, 2400, 2400, 3)",12132709981,807912
MNASNet0.75,"(1, 32, 32, 3)",15589133,2653536
MNASNet0.75,"(1, 56, 56, 3)",38064845,2653536
MNASNet0.75,"(1, 64, 64, 3)",41238845,2653536
MNASNet0.75,"(1, 75, 75, 3)",66821957,2653536
MNASNet0.75,"(1, 112, 112, 3)",122514533,2653536
MNASNet0.75,"(1, 128, 128, 3)",143837693,2653536
MNASNet0.75,"(1, 150, 150, 3)",211925597,2653536
MNASNet0.75,"(1, 224, 224, 3)",425984525,2653536
MNASNet0.75,"(1, 240, 240, 3)",510165221,2653536
MNASNet0.75,"(1, 256, 256, 3)",554233085,2653536
MNASNet0.75,"(1, 299, 299, 3)",800667797,2653536
MNASNet0.75,"(1, 320, 320, 3)",862029629,2653536
MNASNet0.75,"(1, 331, 331, 3)",973902149,2653536
MNASNet0.75,"(1, 448, 448, 3)",1682820413,2653536
MNASNet0.75,"(1, 480, 480, 3)",1930767629,2653536
MNASNet0.75,"(1, 568, 568, 3)",2746949325,2653536
MNASNet0.75,"(1, 600, 600, 3)",3061602973,2653536
MNASNet0.75,"(1, 800, 800, 3)",5350729229,2653536
MNASNet0.75,"(1, 896, 896, 3)",6710163965,2653536
MNASNet0.75,"(1, 1024, 1024, 3)",8762140925,2653536
MNASNet0.75,"(1, 1200, 1200, 3)",12138447461,2653536
MNASNet0.75,"(1, 1600, 1600, 3)",21381799229,2653536
MNASNet0.75,"(1, 1792, 1792, 3)",26819538173,2653536
MNASNet0.75,"(1, 2400, 2400, 3)",48100249229,2653536
MNASNet1.0,"(1, 32, 32, 3)",23442589,4214096
MNASNet1.0,"(1, 56, 56, 3)",57823069,4214096
MNASNet1.0,"(1, 64, 64, 3)",61561309,4214096
MNASNet1.0,"(1, 75, 75, 3)",102286189,4214096
MNASNet1.0,"(1, 112, 112, 3)",185199229,4214096
MNASNet1.0,"(1, 128, 128, 3)",214036189,4214096
MNASNet1.0,"(1, 150, 150, 3)",317938461,4214096
MNASNet1.0,"(1, 224, 224, 3)",633342109,4214096
MNASNet1.0,"(1, 240, 240, 3)",764339325,4214096
MNASNet1.0,"(1, 256, 256, 3)",823935709,4214096
MNASNet1.0,"(1, 299, 299, 3)",1199960109,4214096
MNASNet1.0,"(1, 320, 320, 3)",1281360349,4214096
MNASNet1.0,"(1, 331, 331, 3)",1458420589,4214096
MNASNet1.0,"(1, 448, 448, 3)",2501159389,4214096
MNASNet1.0,"(1, 480, 480, 3)",2869640349,4214096
MNASNet1.0,"(1, 568, 568, 3)",4091920221,4214096
MNASNet1.0,"(1, 600, 600, 3)",4560057373,4214096
MNASNet1.0,"(1, 800, 800, 3)",7952136349,4214096
MNASNet1.0,"(1, 896, 896, 3)",9972428509,4214096
MNASNet1.0,"(1, 1024, 1024, 3)",13021926109,4214096
MNASNet1.0,"(1, 1200, 1200, 3)",18068254845,4214096
MNASNet1.0,"(1, 1600, 1600, 3)",31776336349,4214096
MNASNet1.0,"(1, 1792, 1792, 3)",39857504989,4214096
MNASNet1.0,"(1, 2400, 2400, 3)",71483336349,4214096
MNASNet1.4,"(1, 32, 32, 3)",42733213,7602928
MNASNet1.4,"(1, 56, 56, 3)",108805933,7602928
MNASNet1.4,"(1, 64, 64, 3)",115606813,7602928
MNASNet1.4,"(1, 75, 75, 3)",194445685,7602928
MNASNet1.4,"(1, 112, 112, 3)",353082373,7602928
MNASNet1.4,"(1, 128, 128, 3)",407101213,7602928
MNASNet1.4,"(1, 150, 150, 3)",606648109,7602928
MNASNet1.4,"(1, 224, 224, 3)",1208710813,7602928
MNASNet1.4,"(1, 240, 240, 3)",1461439877,7602928
MNASNet1.4,"(1, 256, 256, 3)",1573078813,7602928
MNASNet1.4,"(1, 299, 299, 3)",2295484821,7602928
MNASNet1.4,"(1, 320, 320, 3)",2447562013,7602928
MNASNet1.4,"(1, 331, 331, 3)",2789962869,7602928
MNASNet1.4,"(1, 448, 448, 3)",4779517213,7602928
MNASNet1.4,"(1, 480, 480, 3)",5483962013,7602928
MNASNet1.4,"(1, 568, 568, 3)",7823955757,7602928
MNASNet1.4,"(1, 600, 600, 3)",8719103021,7602928
MNASNet1.4,"(1, 800, 800, 3)",15200442013,7602928
MNASNet1.4,"(1, 896, 896, 3)",19062742813,7602928
MNASNet1.4,"(1, 1024, 1024, 3)",24892630813,7602928
MNASNet1.4,"(1, 1200, 1200, 3)",34551145157,7602928
MNASNet1.4,"(1, 1600, 1600, 3)",60746442013,7602928
MNASNet1.4,"(1, 1792, 1792, 3)",76195645213,7602928
MNASNet1.4,"(1, 2400, 2400, 3)",136656442013,7602928
ShuffleNet0.5-v1,"(1, 32, 32, 3)",8863814,1270780
ShuffleNet0.5-v1,"(1, 56, 56, 3)",24436010,1270780
ShuffleNet0.5-v1,"(1, 64, 64, 3)",26158070,1270780
ShuffleNet0.5-v1,"(1, 75, 75, 3)",41984282,1270780
ShuffleNet0.5-v1,"(1, 112, 112, 3)",77846654,1270780
ShuffleNet0.5-v1,"(1, 128, 128, 3)",95335094,1270780
ShuffleNet0.5-v1,"(1, 150, 150, 3)",142642658,1270780
ShuffleNet0.5-v1,"(1, 224, 224, 3)",285571910,1270780
ShuffleNet0.5-v1,"(1, 240, 240, 3)",335900414,1270780
ShuffleNet0.5-v1,"(1, 256, 256, 3)",372043190,1270780
ShuffleNet0.5-v1,"(1, 299, 299, 3)",533435690,1270780
ShuffleNet0.5-v1,"(1, 320, 320, 3)",579574262,1270780
ShuffleNet0.5-v1,"(1, 331, 331, 3)",649761050,1270780
ShuffleNet0.5-v1,"(1, 448, 448, 3)",1132990454,1270780
ShuffleNet0.5-v1,"(1, 480, 480, 3)",1300168262,1270780
ShuffleNet0.5-v1,"(1, 568, 568, 3)",1854461738,1270780
ShuffleNet0.5-v1,"(1, 600, 600, 3)",2066839130,1270780
ShuffleNet0.5-v1,"(1, 800, 800, 3)",3606069062,1270780
ShuffleNet0.5-v1,"(1, 896, 896, 3)",4522664630,1270780
ShuffleNet0.5-v1,"(1, 1024, 1024, 3)",5906205110,1270780
ShuffleNet0.5-v1,"(1, 1200, 1200, 3)",8151350654,1270780
ShuffleNet0.5-v1,"(1, 1600, 1600, 3)",14414979062,1270780
ShuffleNet0.5-v1,"(1, 1792, 1792, 3)",18081361334,1270780
ShuffleNet0.5-v1,"(1, 2400, 2400, 3)",32429829062,1270780
ShuffleNet1.0-v1,"(1, 32, 32, 3)",32215946,4396432
ShuffleNet1.0-v1,"(1, 56, 56, 3)",92753618,4396432
ShuffleNet1.0-v1,"(1, 64, 64, 3)",99152618,4396432
ShuffleNet1.0-v1,"(1, 75, 75, 3)",160861874,4396432
ShuffleNet1.0-v1,"(1, 112, 112, 3)",299574266,4396432
ShuffleNet1.0-v1,"(1, 128, 128, 3)",366899306,4396432
ShuffleNet1.0-v1,"(1, 150, 150, 3)",550876226,4396432
ShuffleNet1.0-v1,"(1, 224, 224, 3)",1103202698,4396432
ShuffleNet1.0-v1,"(1, 240, 240, 3)",1298747642,4396432
ShuffleNet1.0-v1,"(1, 256, 256, 3)",1437886058,4396432
ShuffleNet1.0-v1,"(1, 299, 299, 3)",2064221906,4396432
ShuffleNet1.0-v1,"(1, 320, 320, 3)",2241126122,4396432
ShuffleNet1.0-v1,"(1, 331, 331, 3)",2514628274,4396432
ShuffleNet1.0-v1,"(1, 448, 448, 3)",4383099626,4396432
ShuffleNet1.0-v1,"(1, 480, 480, 3)",5030154122,4396432
ShuffleNet1.0-v1,"(1, 568, 568, 3)",7178060498,4396432
ShuffleNet1.0-v1,"(1, 600, 600, 3)",8000199986,4396432
ShuffleNet1.0-v1,"(1, 800, 800, 3)",13955043722,4396432
ShuffleNet1.0-v1,"(1, 896, 896, 3)",17502687338,4396432
ShuffleNet1.0-v1,"(1, 1024, 1024, 3)",22857621098,4396432
ShuffleNet1.0-v1,"(1, 1200, 1200, 3)",31551016442,4396432
ShuffleNet1.0-v1,"(1, 1600, 1600, 3)",55790463722,4396432
ShuffleNet1.0-v1,"(1, 1792, 1792, 3)",69981038186,4396432
ShuffleNet1.0-v1,"(1, 2400, 2400, 3)",125516163722,4396432
ShuffleNet1.5-v1,"(1, 32, 32, 3)",70062542,9377956
ShuffleNet1.5-v1,"(1, 56, 56, 3)",204958970,9377956
ShuffleNet1.5-v1,"(1, 64, 64, 3)",218989790,9377956
ShuffleNet1.5-v1,"(1, 75, 75, 3)",356638922,9377956
ShuffleNet1.5-v1,"(1, 112, 112, 3)",665188982,9377956
ShuffleNet1.5-v1,"(1, 128, 128, 3)",814698782,9377956
ShuffleNet1.5-v1,"(1, 150, 150, 3)",1224706850,9377956
ShuffleNet1.5-v1,"(1, 224, 224, 3)",2452898510,9377956
ShuffleNet1.5-v1,"(1, 240, 240, 3)",2888547830,9377956
ShuffleNet1.5-v1,"(1, 256, 256, 3)",3197534750,9377956
ShuffleNet1.5-v1,"(1, 299, 299, 3)",4592364794,9377956
ShuffleNet1.5-v1,"(1, 320, 320, 3)",4984661726,9377956
ShuffleNet1.5-v1,"(1, 331, 331, 3)",5594607818,9377956
ShuffleNet1.5-v1,"(1, 448, 448, 3)",9750333662,9377956
ShuffleNet1.5-v1,"(1, 480, 480, 3)",11189963726,9377956
ShuffleNet1.5-v1,"(1, 568, 568, 3)",15970802426,9377956
ShuffleNet1.5-v1,"(1, 600, 600, 3)",17800088714,9377956
ShuffleNet1.5-v1,"(1, 800, 800, 3)",31046930126,9377956
ShuffleNet1.5-v1,"(1, 896, 896, 3)",38940074270,9377956
ShuffleNet1.5-v1,"(1, 1024, 1024, 3)",50854254110,9377956
ShuffleNet1.5-v1,"(1, 1200, 1200, 3)",70199003510,9377956
ShuffleNet1.5-v1,"(1, 1600, 1600, 3)",124126460126,9377956
ShuffleNet1.5-v1,"(1, 1792, 1792, 3)",155699036702,9377956
ShuffleNet1.5-v1,"(1, 2400, 2400, 3)",279259010126,9377956
ShuffleNet2.0-v1,"(1, 32, 32, 3)",122403602,16215352
ShuffleNet2.0-v1,"(1, 56, 56, 3)",361052066,16215352
ShuffleNet2.0-v1,"(1, 64, 64, 3)",385669586,16215352
ShuffleNet2.0-v1,"(1, 75, 75, 3)",629315426,16215352
ShuffleNet2.0-v1,"(1, 112, 112, 3)",1174690802,16215352
ShuffleNet2.0-v1,"(1, 128, 128, 3)",1438733522,16215352
ShuffleNet2.0-v1,"(1, 150, 150, 3)",2164134530,16215352
ShuffleNet2.0-v1,"(1, 224, 224, 3)",4334659346,16215352
ShuffleNet2.0-v1,"(1, 240, 240, 3)",5105300978,16215352
ShuffleNet2.0-v1,"(1, 256, 256, 3)",5650989266,16215352
ShuffleNet2.0-v1,"(1, 299, 299, 3)",8117864354,16215352
ShuffleNet2.0-v1,"(1, 320, 320, 3)",8810181074,16215352
ShuffleNet2.0-v1,"(1, 331, 331, 3)",9889699682,16215352
ShuffleNet2.0-v1,"(1, 448, 448, 3)",17234692562,16215352
ShuffleNet2.0-v1,"(1, 480, 480, 3)",19779597074,16215352
ShuffleNet2.0-v1,"(1, 568, 568, 3)",28232687522,16215352
ShuffleNet2.0-v1,"(1, 600, 600, 3)",31466505314,16215352
ShuffleNet2.0-v1,"(1, 800, 800, 3)",54881728274,16215352
ShuffleNet2.0-v1,"(1, 896, 896, 3)",68834825426,16215352
ShuffleNet2.0-v1,"(1, 1024, 1024, 3)",89896104146,16215352
ShuffleNet2.0-v1,"(1, 1200, 1200, 3)",124095311858,16215352
ShuffleNet2.0-v1,"(1, 1600, 1600, 3)",219422968274,16215352
ShuffleNet2.0-v1,"(1, 1792, 1792, 3)",275235356882,16215352
ShuffleNet2.0-v1,"(1, 2400, 2400, 3)",493658368274,16215352
ShuffleNet0.5-v2,"(1, 32, 32, 3)",12241003,2296774
ShuffleNet0.5-v2,"(1, 56, 56, 3)",27680227,2296774
ShuffleNet0.5-v2,"(1, 64, 64, 3)",29138467,2296774
ShuffleNet0.5-v2,"(1, 75, 75, 3)",46699749,2296774
ShuffleNet0.5-v2,"(1, 112, 112, 3)",82492903,2296774
ShuffleNet0.5-v2,"(1, 128, 128, 3)",96728323,2296774
ShuffleNet0.5-v2,"(1, 150, 150, 3)",143531443,2296774
ShuffleNet0.5-v2,"(1, 224, 224, 3)",282600427,2296774
ShuffleNet0.5-v2,"(1, 240, 240, 3)",337667879,2296774
ShuffleNet0.5-v2,"(1, 256, 256, 3)",367087747,2296774
ShuffleNet0.5-v2,"(1, 299, 299, 3)",532218573,2296774
ShuffleNet0.5-v2,"(1, 320, 320, 3)",569857315,2296774
ShuffleNet0.5-v2,"(1, 331, 331, 3)",646638309,2296774
ShuffleNet0.5-v2,"(1, 448, 448, 3)",1110576163,2296774
ShuffleNet0.5-v2,"(1, 480, 480, 3)",1273918315,2296774
ShuffleNet0.5-v2,"(1, 568, 568, 3)",1817632739,2296774
ShuffleNet0.5-v2,"(1, 600, 600, 3)",2025257067,2296774
ShuffleNet0.5-v2,"(1, 800, 800, 3)",3526913515,2296774
ShuffleNet0.5-v2,"(1, 896, 896, 3)",4422479107,2296774
ShuffleNet0.5-v2,"(1, 1024, 1024, 3)",5774276227,2296774
ShuffleNet0.5-v2,"(1, 1200, 1200, 3)",7996617959,2296774
ShuffleNet0.5-v2,"(1, 1600, 1600, 3)",14087828515,2296774
ShuffleNet0.5-v2,"(1, 1792, 1792, 3)",17670090883,2296774
ShuffleNet0.5-v2,"(1, 2400, 2400, 3)",31689353515,2296774
ShuffleNet1.0-v2,"(1, 32, 32, 3)",31950513,5043740
ShuffleNet1.0-v2,"(1, 56, 56, 3)",86254641,5043740
ShuffleNet1.0-v2,"(1, 64, 64, 3)",91600161,5043740
ShuffleNet1.0-v2,"(1, 75, 75, 3)",150738885,5043740
ShuffleNet1.0-v2,"(1, 112, 112, 3)",275864553,5043740
ShuffleNet1.0-v2,"(1, 128, 128, 3)",330198753,5043740
ShuffleNet1.0-v2,"(1, 150, 150, 3)",495053649,5043740
ShuffleNet1.0-v2,"(1, 224, 224, 3)",986344881,5043740
ShuffleNet1.0-v2,"(1, 240, 240, 3)",1172302441,5043740
ShuffleNet1.0-v2,"(1, 256, 256, 3)",1284593121,5043740
ShuffleNet1.0-v2,"(1, 299, 299, 3)",1857446293,5043740
ShuffleNet1.0-v2,"(1, 320, 320, 3)",2000388897,5043740
ShuffleNet1.0-v2,"(1, 331, 331, 3)",2260327365,5043740
ShuffleNet1.0-v2,"(1, 448, 448, 3)",3909177633,5043740
ShuffleNet1.0-v2,"(1, 480, 480, 3)",4485790897,5043740
ShuffleNet1.0-v2,"(1, 568, 568, 3)",6403268657,5043740
ShuffleNet1.0-v2,"(1, 600, 600, 3)",7136096705,5043740
ShuffleNet1.0-v2,"(1, 800, 800, 3)",12439077297,5043740
ShuffleNet1.0-v2,"(1, 896, 896, 3)",15600508641,5043740
ShuffleNet1.0-v2,"(1, 1024, 1024, 3)",20372480481,5043740
ShuffleNet1.0-v2,"(1, 1200, 1200, 3)",28176466921,5043740
ShuffleNet1.0-v2,"(1, 1600, 1600, 3)",49720107297,5043740
ShuffleNet1.0-v2,"(1, 1792, 1792, 3)",62365832673,5043740
ShuffleNet1.0-v2,"(1, 2400, 2400, 3)",111855157297,5043740
ShuffleNet1.5-v2,"(1, 32, 32, 3)",63231719,9266922
ShuffleNet1.5-v2,"(1, 56, 56, 3)",179829503,9266922
ShuffleNet1.5-v2,"(1, 64, 64, 3)",191491343,9266922
ShuffleNet1.5-v2,"(1, 75, 75, 3)",316228789,9266922
ShuffleNet1.5-v2,"(1, 112, 112, 3)",584233499,9266922
ShuffleNet1.5-v2,"(1, 128, 128, 3)",704529839,9266922
ShuffleNet1.5-v2,"(1, 150, 150, 3)",1058694383,9266922
ShuffleNet1.5-v2,"(1, 224, 224, 3)",2115385703,9266922
ShuffleNet1.5-v2,"(1, 240, 240, 3)",2508071387,9266922
ShuffleNet1.5-v2,"(1, 256, 256, 3)",2756683823,9266922
ShuffleNet1.5-v2,"(1, 299, 299, 3)",3979887725,9266922
ShuffleNet1.5-v2,"(1, 320, 320, 3)",4295799311,9266922
ShuffleNet1.5-v2,"(1, 331, 331, 3)",4845293237,9266922
ShuffleNet1.5-v2,"(1, 448, 448, 3)",8400107279,9266922
ShuffleNet1.5-v2,"(1, 480, 480, 3)",9639950311,9266922
ShuffleNet1.5-v2,"(1, 568, 568, 3)",13761341695,9266922
ShuffleNet1.5-v2,"(1, 600, 600, 3)",15336990743,9266922
ShuffleNet1.5-v2,"(1, 800, 800, 3)",26741233511,9266922
ShuffleNet1.5-v2,"(1, 896, 896, 3)",33538993583,9266922
ShuffleNet1.5-v2,"(1, 1024, 1024, 3)",43799763503,9266922
ShuffleNet1.5-v2,"(1, 1200, 1200, 3)",60545127707,9266922
ShuffleNet1.5-v2,"(1, 1600, 1600, 3)",106903498511,9266922
ShuffleNet1.5-v2,"(1, 1792, 1792, 3)",134094538799,9266922
ShuffleNet1.5-v2,"(1, 2400, 2400, 3)",240507273511,9266922
ShuffleNet2.0-v2,"(1, 32, 32, 3)",106084621,14966320
ShuffleNet2.0-v2,"(1, 56, 56, 3)",308404813,14966320
ShuffleNet2.0-v2,"(1, 64, 64, 3)",328812013,14966320
ShuffleNet2.0-v2,"(1, 75, 75, 3)",543169461,14966320
ShuffleNet2.0-v2,"(1, 112, 112, 3)",1007599741,14966320
ShuffleNet2.0-v2,"(1, 128, 128, 3)",1219721581,14966320
ShuffleNet2.0-v2,"(1, 150, 150, 3)",1834453645,14966320
ShuffleNet2.0-v2,"(1, 224, 224, 3)",3669722893,14966320
ShuffleNet2.0-v2,"(1, 240, 240, 3)",4344974717,14966320
ShuffleNet2.0-v2,"(1, 256, 256, 3)",4783359853,14966320
ShuffleNet2.0-v2,"(1, 299, 299, 3)",6899542869,14966320
ShuffleNet2.0-v2,"(1, 320, 320, 3)",7456088557,14966320
ShuffleNet2.0-v2,"(1, 331, 331, 3)",8401535925,14966320
ShuffleNet2.0-v2,"(1, 448, 448, 3)",14583365101,14966320
ShuffleNet2.0-v2,"(1, 480, 480, 3)",16736396557,14966320
ShuffleNet2.0-v2,"(1, 568, 568, 3)",23891851853,14966320
ShuffleNet2.0-v2,"(1, 600, 600, 3)",26627939181,14966320
ShuffleNet2.0-v2,"(1, 800, 800, 3)",46433382157,14966320
ShuffleNet2.0-v2,"(1, 896, 896, 3)",58237933933,14966320
ShuffleNet2.0-v2,"(1, 1024, 1024, 3)",76056125293,14966320
ShuffleNet2.0-v2,"(1, 1200, 1200, 3)",105102600317,14966320
ShuffleNet2.0-v2,"(1, 1600, 1600, 3)",185638002157,14966320
ShuffleNet2.0-v2,"(1, 1792, 1792, 3)",232856209261,14966320
ShuffleNet2.0-v2,"(1, 2400, 2400, 3)",417645702157,14966320
Inception-v3,"(1, 75, 75, 3)",455628875,23851784
Inception-v3,"(1, 112, 112, 3)",1126834187,23851784
Inception-v3,"(1, 128, 128, 3)",1516266859,23851784
Inception-v3,"(1, 150, 150, 3)",2189719275,23851784
Xception,"(1, 28, 28, 3)",208439947,22910480
Xception,"(1, 32, 32, 3)",226336347,22910480
Xception,"(1, 56, 56, 3)",722219211,22910480
Xception,"(1, 64, 64, 3)",777110043,22910480
Xception,"(1, 75, 75, 3)",1173266907,22910480
Xception,"(1, 112, 112, 3)",2348166507,22910480
Xception,"(1, 128, 128, 3)",3004571931,22910480
Xception,"(1, 150, 150, 3)",3902491179,22910480
InceptionResNetV2,"(1, 75, 75, 3)",982770237,55873736
InceptionResNetV2,"(1, 112, 112, 3)",2474721021,55873736
InceptionResNetV2,"(1, 128, 128, 3)",3367197629,55873736
InceptionResNetV2,"(1, 150, 150, 3)",4851524989,55873736
MobileNet0.25-v1,"(1, 32, 32, 3)",3124757,475544
MobileNet0.25-v1,"(1, 56, 56, 3)",5510613,475544
MobileNet0.25-v1,"(1, 64, 64, 3)",8118293,475544
MobileNet0.25-v1,"(1, 75, 75, 3)",8911253,475544
MobileNet0.25-v1,"(1, 112, 112, 3)",21188245,475544
MobileNet0.25-v1,"(1, 128, 128, 3)",28092437,475544
MobileNet0.25-v1,"(1, 150, 150, 3)",34954805,475544
MobileNet0.5-v1,"(1, 32, 32, 3)",9780837,1342536
MobileNet0.5-v1,"(1, 56, 56, 3)",18247141,1342536
MobileNet0.5-v1,"(1, 64, 64, 3)",28025445,1342536
MobileNet0.5-v1,"(1, 75, 75, 3)",30623589,1342536
MobileNet0.5-v1,"(1, 112, 112, 3)",75595621,1342536
MobileNet0.5-v1,"(1, 128, 128, 3)",101003877,1342536
MobileNet0.5-v1,"(1, 150, 150, 3)",125429925,1342536
MobileNet0.75-v1,"(1, 32, 32, 3)",19974325,2601976
MobileNet0.75-v1,"(1, 56, 56, 3)",38215669,2601976
MobileNet0.75-v1,"(1, 64, 64, 3)",59727541,2601976
MobileNet0.75-v1,"(1, 75, 75, 3)",65143093,2601976
MobileNet0.75-v1,"(1, 112, 112, 3)",163228213,2601976
MobileNet0.75-v1,"(1, 128, 128, 3)",218740405,2601976
MobileNet0.75-v1,"(1, 150, 150, 3)",271431445,2601976
MobileNet1.0-v1,"(1, 32, 32, 3)",33705221,4253864
MobileNet1.0-v1,"(1, 56, 56, 3)",65416197,4253864
MobileNet1.0-v1,"(1, 64, 64, 3)",103224581,4253864
MobileNet1.0-v1,"(1, 75, 75, 3)",112469765,4253864
MobileNet1.0-v1,"(1, 112, 112, 3)",284086021,4253864
MobileNet1.0-v1,"(1, 128, 128, 3)",381302021,4253864
MobileNet1.0-v1,"(1, 150, 150, 3)",472959365,4253864
MobileNet0.35-v2,"(1, 32, 32, 3)",8295997,1691208
MobileNet0.35-v2,"(1, 56, 56, 3)",11494725,1691208
MobileNet0.35-v2,"(1, 64, 64, 3)",15407629,1691208
MobileNet0.35-v2,"(1, 75, 75, 3)",16846509,1691208
MobileNet0.35-v2,"(1, 112, 112, 3)",33032037,1691208
MobileNet0.35-v2,"(1, 128, 128, 3)",43854157,1691208
MobileNet0.35-v2,"(1, 150, 150, 3)",52712349,1691208
MobileNet0.5-v2,"(1, 32, 32, 3)",10426853,1987224
MobileNet0.5-v2,"(1, 56, 56, 3)",15494405,1987224
MobileNet0.5-v2,"(1, 64, 64, 3)",22175045,1987224
MobileNet0.5-v2,"(1, 75, 75, 3)",24236261,1987224
MobileNet0.5-v2,"(1, 112, 112, 3)",51148645,1987224
MobileNet0.5-v2,"(1, 128, 128, 3)",69167813,1987224
MobileNet0.5-v2,"(1, 150, 150, 3)",83386229,1987224
MobileNet0.75-v2,"(1, 32, 32, 3)",16336517,2663064
MobileNet0.75-v2,"(1, 56, 56, 3)",27817205,2663064
MobileNet0.75-v2,"(1, 64, 64, 3)",41795093,2663064
MobileNet0.75-v2,"(1, 75, 75, 3)",46572869,2663064
MobileNet0.75-v2,"(1, 112, 112, 3)",105384645,2663064
MobileNet0.75-v2,"(1, 128, 128, 3)",143629397,2663064
MobileNet0.75-v2,"(1, 150, 150, 3)",175921037,2663064
MobileNet1.0-v2,"(1, 32, 32, 3)",21820909,3538984
MobileNet1.0-v2,"(1, 56, 56, 3)",37004077,3538984
MobileNet1.0-v2,"(1, 64, 64, 3)",58510765,3538984
MobileNet1.0-v2,"(1, 75, 75, 3)",64101357,3538984
MobileNet1.0-v2,"(1, 112, 112, 3)",148950253,3538984
MobileNet1.0-v2,"(1, 128, 128, 3)",205270189,3538984
MobileNet1.0-v2,"(1, 150, 150, 3)",248561765,3538984
MobileNet1.3-v2,"(1, 32, 32, 3)",34858141,5431048
MobileNet1.3-v2,"(1, 56, 56, 3)",60748605,5431048
MobileNet1.3-v2,"(1, 64, 64, 3)",97048957,5431048
MobileNet1.3-v2,"(1, 75, 75, 3)",106736589,5431048
MobileNet1.3-v2,"(1, 112, 112, 3)",250454125,5431048
MobileNet1.3-v2,"(1, 128, 128, 3)",345812221,5431048
MobileNet1.3-v2,"(1, 150, 150, 3)",419847565,5431048
MobileNet1.4-v2,"(1, 32, 32, 3)",39527597,6156712
MobileNet1.4-v2,"(1, 56, 56, 3)",68871429,6156712
MobileNet1.4-v2,"(1, 64, 64, 3)",110621357,6156712
MobileNet1.4-v2,"(1, 75, 75, 3)",121440141,6156712
MobileNet1.4-v2,"(1, 112, 112, 3)",285733861,6156712
MobileNet1.4-v2,"(1, 128, 128, 3)",394996397,6156712
MobileNet1.4-v2,"(1, 150, 150, 3)",478437765,6156712
ResNet-18,"(1, 28, 28, 3)",93329787,11699889
ResNet-18,"(1, 32, 32, 3)",99015867,11699889
ResNet-18,"(1, 56, 56, 3)",284338875,11699889
ResNet-18,"(1, 64, 64, 3)",322815675,11699889
ResNet-18,"(1, 75, 75, 3)",522023291,11699889
ResNet-18,"(1, 112, 112, 3)",1001185467,11699889
ResNet-18,"(1, 128, 128, 3)",1218014907,11699889
ResNet-18,"(1, 150, 150, 3)",1786533435,11699889
ResNet-34,"(1, 28, 28, 3)",186847339,21815473
ResNet-34,"(1, 32, 32, 3)",194746219,21815473
ResNet-34,"(1, 56, 56, 3)",580050283,21815473
ResNet-34,"(1, 64, 64, 3)",645076843,21815473
ResNet-34,"(1, 75, 75, 3)",1034382955,21815473
ResNet-34,"(1, 112, 112, 3)",1981797739,21815473
ResNet-34,"(1, 128, 128, 3)",2446399339,21815473
ResNet-34,"(1, 150, 150, 3)",3625480939,21815473
ResNet-50,"(1, 28, 28, 3)",205429211,25636712
ResNet-50,"(1, 32, 32, 3)",212993051,25636712
ResNet-50,"(1, 56, 56, 3)",619537691,25636712
ResNet-50,"(1, 64, 64, 3)",686250011,25636712
ResNet-50,"(1, 75, 75, 3)",1103762395,25636712
ResNet-50,"(1, 112, 112, 3)",2099846171,25636712
ResNet-50,"(1, 128, 128, 3)",2579277851,25636712
ResNet-50,"(1, 150, 150, 3)",3822745819,25636712
ResNet-101,"(1, 28, 28, 3)",395133097,44707176
ResNet-101,"(1, 32, 32, 3)",402696937,44707176
ResNet-101,"(1, 56, 56, 3)",1264321513,44707176
ResNet-101,"(1, 64, 64, 3)",1331033833,44707176
ResNet-101,"(1, 75, 75, 3)",2089856169,44707176
ResNet-101,"(1, 112, 112, 3)",3996099817,44707176
ResNet-101,"(1, 128, 128, 3)",5044381417,44707176
ResNet-101,"(1, 150, 150, 3)",7653089193,44707176
ResNet-152,"(1, 28, 28, 3)",578177858,60419944
ResNet-152,"(1, 32, 32, 3)",585741698,60419944
ResNet-152,"(1, 56, 56, 3)",1869068930,60419944
ResNet-152,"(1, 64, 64, 3)",1969281410,60419944
ResNet-152,"(1, 75, 75, 3)",3069505858,60419944
ResNet-152,"(1, 112, 112, 3)",5886155138,60419944
ResNet-152,"(1, 128, 128, 3)",7503440258,60419944
ResNet-152,"(1, 150, 150, 3)",11390656066,60419944
ResNet-50V2,"(1, 28, 28, 3)",191593352,25613800
ResNet-50V2,"(1, 32, 32, 3)",197546312,25613800
ResNet-50V2,"(1, 56, 56, 3)",569063240,25613800
ResNet-50V2,"(1, 64, 64, 3)",624520520,25613800
ResNet-50V2,"(1, 75, 75, 3)",1016194952,25613800
ResNet-50V2,"(1, 112, 112, 3)",1917228872,25613800
ResNet-50V2,"(1, 128, 128, 3)",2332417352,25613800
ResNet-50V2,"(1, 150, 150, 3)",3466300168,25613800
ResNet-101V2,"(1, 28, 28, 3)",381262369,44675560
ResNet-101V2,"(1, 32, 32, 3)",387215329,44675560
ResNet-101V2,"(1, 56, 56, 3)",1213707745,44675560
ResNet-101V2,"(1, 64, 64, 3)",1269165025,44675560
ResNet-101V2,"(1, 75, 75, 3)",2002071073,44675560
ResNet-101V2,"(1, 112, 112, 3)",3813055969,44675560
ResNet-101V2,"(1, 128, 128, 3)",4796963809,44675560
ResNet-101V2,"(1, 150, 150, 3)",7295773089,44675560
ResNet-152V2,"(1, 28, 28, 3)",564264122,60380648
ResNet-152V2,"(1, 32, 32, 3)",570217082,60380648
ResNet-152V2,"(1, 56, 56, 3)",1818298490,60380648
ResNet-152V2,"(1, 64, 64, 3)",1907240570,60380648
ResNet-152V2,"(1, 75, 75, 3)",2981451962,60380648
ResNet-152V2,"(1, 112, 112, 3)",5702584442,60380648
ResNet-152V2,"(1, 128, 128, 3)",7255334522,60380648
ResNet-152V2,"(1, 150, 150, 3)",11032304698,60380648
SENet-154,"(1, 28, 28, 3)",1067222829,115336536
SENet-154,"(1, 32, 32, 3)",1092472749,115336536
SENet-154,"(1, 56, 56, 3)",3388026285,115336536
SENet-154,"(1, 64, 64, 3)",3627327405,115336536
SENet-154,"(1, 75, 75, 3)",5663824685,115336536
SENet-154,"(1, 112, 112, 3)",10872276909,115336536
SENet-154,"(1, 128, 128, 3)",13766746029,115336536
SENet-154,"(1, 150, 150, 3)",20715206445,115336536
SqueezeNet-v1.1,"(1, 32, 32, 3)",9554869,1235496
SqueezeNet-v1.1,"(1, 64, 64, 3)",46057781,1235496
SqueezeNet-v1.1,"(1, 75, 75, 3)",55094933,1235496
SqueezeNet-v1.1,"(1, 112, 112, 3)",160607429,1235496
SqueezeNet-v1.1,"(1, 128, 128, 3)",214736053,1235496
SqueezeNet-v1.1,"(1, 150, 150, 3)",281774309,1235496
SqueezeNet-v1.1,"(1, 224, 224, 3)",706934581,1235496
SqueezeNet-v1.1,"(1, 240, 240, 3)",816872133,1235496
SqueezeNet-v1.1,"(1, 256, 256, 3)",934782389,1235496
SqueezeNet-v1.1,"(1, 299, 299, 3)",1235054357,1235496
SqueezeNet-v1.1,"(1, 320, 320, 3)",1486150453,1235496
SqueezeNet-v1.1,"(1, 331, 331, 3)",1531183253,1235496
SqueezeNet-v1.1,"(1, 448, 448, 3)",2971576373,1235496
SqueezeNet-v1.1,"(1, 480, 480, 3)",3422659893,1235496
SqueezeNet-v1.1,"(1, 568, 568, 3)",4751096069,1235496
SqueezeNet-v1.1,"(1, 600, 600, 3)",5317304133,1235496
SqueezeNet-v1.1,"(1, 800, 800, 3)",9687489973,1235496
SqueezeNet-v1.1,"(1, 896, 896, 3)",12188809909,1235496
SqueezeNet-v1.1,"(1, 1024, 1024, 3)",15970374581,1235496
SqueezeNet-v1.1,"(1, 1200, 1200, 3)",22003173573,1235496
SqueezeNet-v1.1,"(1, 1600, 1600, 3)",39301797173,1235496
SqueezeNet-v1.1,"(1, 1792, 1792, 3)",49375076789,1235496
SqueezeNet-v1.1,"(1, 2400, 2400, 3)",88847864373,1235496
DPN-98,"(1, 28, 28, 3)",708820518,61701472
DPN-98,"(1, 64, 64, 3)",2152017222,61701472
DPN-98,"(1, 75, 75, 3)",3297744678,61701472
DPN-98,"(1, 112, 112, 3)",6232011078,61701472
DPN-98,"(1, 128, 128, 3)",7870147398,61701472
DPN-98,"(1, 150, 150, 3)",11782704006,61701472
DPN-98,"(1, 224, 224, 3)",23595005382,61701472
DPN-98,"(1, 240, 240, 3)",27357186374,61701472
DPN-98,"(1, 256, 256, 3)",30742668102,61701472
DPN-98,"(1, 299, 299, 3)",43500351654,61701472
DPN-98,"(1, 320, 320, 3)",47897058630,61701472
DPN-98,"(1, 331, 331, 3)",53055668006,61701472
DPN-98,"(1, 448, 448, 3)",93642100038,61701472
DPN-98,"(1, 480, 480, 3)",107460914630,61701472
DPN-98,"(1, 568, 568, 3)",153272298182,61701472
DPN-98,"(1, 600, 600, 3)",170826937158,61701472
DPN-98,"(1, 800, 800, 3)",298065253830,61701472
DPN-98,"(1, 896, 896, 3)",373830478662,61701472
DPN-98,"(1, 1024, 1024, 3)",488193082182,61701472
DPN-98,"(1, 1200, 1200, 3)",671837066054,61701472
DPN-98,"(1, 1600, 1600, 3)",1191523093830,61701472
DPN-98,"(1, 1792, 1792, 3)",1494583993158,61701472
DPN-98,"(1, 2400, 2400, 3)",2680619493830,61701472
DPN-107,"(1, 28, 28, 3)",1072058268,87055456
DPN-107,"(1, 64, 64, 3)",3335523996,87055456
DPN-107,"(1, 75, 75, 3)",5098430364,87055456
DPN-107,"(1, 112, 112, 3)",9689552028,87055456
DPN-107,"(1, 128, 128, 3)",12300414108,87055456
DPN-107,"(1, 150, 150, 3)",18338828316,87055456
DPN-107,"(1, 224, 224, 3)",36953861916,87055456
DPN-107,"(1, 240, 240, 3)",42764192924,87055456
DPN-107,"(1, 256, 256, 3)",48159974556,87055456
DPN-107,"(1, 299, 299, 3)",68042488604,87055456
DPN-107,"(1, 320, 320, 3)",75054644892,87055456
DPN-107,"(1, 331, 331, 3)",83011090332,87055456
DPN-107,"(1, 448, 448, 3)",146773765788,87055456
DPN-107,"(1, 480, 480, 3)",168438916892,87055456
DPN-107,"(1, 568, 568, 3)",239907500188,87055456
DPN-107,"(1, 600, 600, 3)",267409845532,87055456
DPN-107,"(1, 800, 800, 3)",467268587292,87055456
DPN-107,"(1, 896, 896, 3)",586053381276,87055456
DPN-107,"(1, 1024, 1024, 3)",765351183516,87055456
DPN-107,"(1, 1200, 1200, 3)",1052839659164,87055456
DPN-107,"(1, 1600, 1600, 3)",1868032667292,87055456
DPN-107,"(1, 1792, 1792, 3)",2343171843228,87055456
DPN-107,"(1, 2400, 2400, 3)",4202639467292,87055456
MobileNet-small0.75-v3,"(1, 28, 28, 3)",17979026,4221362
MobileNet-small0.75-v3,"(1, 64, 64, 3)",24171086,4221362
MobileNet-small0.75-v3,"(1, 75, 75, 3)",29892716,4221362
MobileNet-small0.75-v3,"(1, 112, 112, 3)",42896576,4221362
MobileNet-small0.75-v3,"(1, 128, 128, 3)",48437966,4221362
MobileNet-small0.75-v3,"(1, 150, 150, 3)",64493386,4221362
MobileNet-small0.75-v3,"(1, 224, 224, 3)",115171886,4221362
MobileNet-small0.75-v3,"(1, 240, 240, 3)",134053280,4221362
MobileNet-small0.75-v3,"(1, 256, 256, 3)",145505486,4221362
MobileNet-small0.75-v3,"(1, 299, 299, 3)",202636756,4221362
MobileNet-small0.75-v3,"(1, 320, 320, 3)",218306126,4221362
MobileNet-small0.75-v3,"(1, 331, 331, 3)",243492396,4221362
MobileNet-small0.75-v3,"(1, 448, 448, 3)",412441166,4221362
MobileNet-small0.75-v3,"(1, 480, 480, 3)",471086126,4221362
MobileNet-small0.75-v3,"(1, 568, 568, 3)",664229978,4221362
MobileNet-small0.75-v3,"(1, 600, 600, 3)",738658010,4221362
MobileNet-small0.75-v3,"(1, 800, 800, 3)",1279982126,4221362
MobileNet-small0.75-v3,"(1, 896, 896, 3)",1601518286,4221362
MobileNet-small0.75-v3,"(1, 1024, 1024, 3)",2086855886,4221362
MobileNet-small0.75-v3,"(1, 1200, 1200, 3)",2880413360,4221362
MobileNet-small0.75-v3,"(1, 1600, 1600, 3)",5071682126,4221362
MobileNet-small0.75-v3,"(1, 1792, 1792, 3)",6357826766,4221362
MobileNet-small0.75-v3,"(1, 2400, 2400, 3)",11391182126,4221362
MobileNet-small1.0-v3,"(1, 28, 28, 3)",18592124,4320632
MobileNet-small1.0-v3,"(1, 64, 64, 3)",26072468,4320632
MobileNet-small1.0-v3,"(1, 75, 75, 3)",33143636,4320632
MobileNet-small1.0-v3,"(1, 112, 112, 3)",48882764,4320632
MobileNet-small1.0-v3,"(1, 128, 128, 3)",55450004,4320632
MobileNet-small1.0-v3,"(1, 150, 150, 3)",75065572,4320632
MobileNet-small1.0-v3,"(1, 224, 224, 3)",136238228,4320632
MobileNet-small1.0-v3,"(1, 240, 240, 3)",159387852,4320632
MobileNet-small1.0-v3,"(1, 256, 256, 3)",172960148,4320632
MobileNet-small1.0-v3,"(1, 299, 299, 3)",242649268,4320632
MobileNet-small1.0-v3,"(1, 320, 320, 3)",261092756,4320632
MobileNet-small1.0-v3,"(1, 331, 331, 3)",292163668,4320632
MobileNet-small1.0-v3,"(1, 448, 448, 3)",496113044,4320632
MobileNet-small1.0-v3,"(1, 480, 480, 3)",567108756,4320632
MobileNet-small1.0-v3,"(1, 568, 568, 3)",801415092,4320632
MobileNet-small1.0-v3,"(1, 600, 600, 3)",891545012,4320632
MobileNet-small1.0-v3,"(1, 800, 800, 3)",1546359956,4320632
MobileNet-small1.0-v3,"(1, 896, 896, 3)",1935612308,4320632
MobileNet-small1.0-v3,"(1, 1024, 1024, 3)",2523163028,4320632
MobileNet-small1.0-v3,"(1, 1200, 1200, 3)",3485266572,4320632
MobileNet-small1.0-v3,"(1, 1600, 1600, 3)",6136599956,4320632
MobileNet-small1.0-v3,"(1, 1792, 1792, 3)",7693609364,4320632
MobileNet-small1.0-v3,"(1, 2400, 2400, 3)",13786999956,4320632
MobileNet-small1.5-v3,"(1, 28, 28, 3)",19815056,4519172
MobileNet-small1.5-v3,"(1, 64, 64, 3)",29862176,4519172
MobileNet-small1.5-v3,"(1, 75, 75, 3)",39623492,4519172
MobileNet-small1.5-v3,"(1, 112, 112, 3)",60812996,4519172
MobileNet-small1.5-v3,"(1, 128, 128, 3)",69421856,4519172
MobileNet-small1.5-v3,"(1, 150, 150, 3)",96131152,4519172
MobileNet-small1.5-v3,"(1, 224, 224, 3)",178210976,4519172
MobileNet-small1.5-v3,"(1, 240, 240, 3)",209868932,4519172
MobileNet-small1.5-v3,"(1, 256, 256, 3)",227660576,4519172
MobileNet-small1.5-v3,"(1, 299, 299, 3)",322374100,4519172
MobileNet-small1.5-v3,"(1, 320, 320, 3)",346339616,4519172
MobileNet-small1.5-v3,"(1, 331, 331, 3)",389140164,4519172
MobileNet-small1.5-v3,"(1, 448, 448, 3)",662817056,4519172
MobileNet-small1.5-v3,"(1, 480, 480, 3)",758419616,4519172
MobileNet-small1.5-v3,"(1, 568, 568, 3)",1074738080,4519172
MobileNet-small1.5-v3,"(1, 600, 600, 3)",1196151584,4519172
MobileNet-small1.5-v3,"(1, 800, 800, 3)",2077075616,4519172
MobileNet-small1.5-v3,"(1, 896, 896, 3)",2601241376,4519172
MobileNet-small1.5-v3,"(1, 1024, 1024, 3)",3392434976,4519172
MobileNet-small1.5-v3,"(1, 1200, 1200, 3)",4690361252,4519172
MobileNet-small1.5-v3,"(1, 1600, 1600, 3)",8258275616,4519172
MobileNet-small1.5-v3,"(1, 1792, 1792, 3)",10354938656,4519172
MobileNet-small1.5-v3,"(1, 2400, 2400, 3)",18560275616,4519172
MobileNet-large1.0-v3,"(1, 28, 28, 3)",45606278,10037304
MobileNet-large1.0-v3,"(1, 64, 64, 3)",73198454,10037304
MobileNet-large1.0-v3,"(1, 75, 75, 3)",97439958,10037304
MobileNet-large1.0-v3,"(1, 112, 112, 3)",154838918,10037304
MobileNet-large1.0-v3,"(1, 128, 128, 3)",181532918,10037304
MobileNet-large1.0-v3,"(1, 150, 150, 3)",253657382,10037304
MobileNet-large1.0-v3,"(1, 224, 224, 3)",479452694,10037304
MobileNet-large1.0-v3,"(1, 240, 240, 3)",559703174,10037304
MobileNet-large1.0-v3,"(1, 256, 256, 3)",614870774,10037304
MobileNet-large1.0-v3,"(1, 299, 299, 3)",865350262,10037304
MobileNet-large1.0-v3,"(1, 320, 320, 3)",939874166,10037304
MobileNet-large1.0-v3,"(1, 331, 331, 3)",1047274710,10037304
MobileNet-large1.0-v3,"(1, 448, 448, 3)",1806549878,10037304
MobileNet-large1.0-v3,"(1, 480, 480, 3)",2068358166,10037304
MobileNet-large1.0-v3,"(1, 568, 568, 3)",2931099078,10037304
MobileNet-large1.0-v3,"(1, 600, 600, 3)",3263395046,10037304
MobileNet-large1.0-v3,"(1, 800, 800, 3)",5679506966,10037304
MobileNet-large1.0-v3,"(1, 896, 896, 3)",7114938614,10037304
MobileNet-large1.0-v3,"(1, 1024, 1024, 3)",9281627894,10037304
MobileNet-large1.0-v3,"(1, 1200, 1200, 3)",12804614534,10037304
MobileNet-large1.0-v3,"(1, 1600, 1600, 3)",22606766966,10037304
MobileNet-large1.0-v3,"(1, 1792, 1792, 3)",28348493558,10037304
MobileNet-large1.0-v3,"(1, 2400, 2400, 3)",50818866966,10037304
ResNet-38V2,"(1, 64, 64, 3)",1047478078,1131594
ResNet-38V2,"(1, 75, 75, 3)",1469672686,1131594
ResNet-38V2,"(1, 112, 112, 3)",3198674750,1144394
ResNet-38V2,"(1, 128, 128, 3)",4176617278,1162314
ResNet-38V2,"(1, 150, 150, 3)",5799583870,1162314
ResNet-38V2,"(1, 224, 224, 3)",12781750078,1246794
ResNet-38V2,"(1, 240, 240, 3)",14672078654,1246794
ResNet-38V2,"(1, 256, 256, 3)",16693174078,1285194
ResNet-38V2,"(1, 299, 299, 3)",22900637934,1328714
ResNet-38V2,"(1, 320, 320, 3)",26080591678,1377354
ResNet-38V2,"(1, 331, 331, 3)",28048297198,1377354
ResNet-38V2,"(1, 448, 448, 3)",51113705278,1623114
ResNet-38V2,"(1, 480, 480, 3)",58675791678,1697354
ResNet-38V2,"(1, 568, 568, 3)",82159939390,1861194
ResNet-38V2,"(1, 600, 600, 3)",91677697854,1950794
ResNet-38V2,"(1, 800, 800, 3)",162980431678,2721354
ResNet-38V2,"(1, 896, 896, 3)",204441526078,3128394
ResNet-38V2,"(1, 1024, 1024, 3)",267024310078,3742794
ResNet-38V2,"(1, 1200, 1200, 3)",366699439934,4625994
ResNet-38V2,"(1, 1600, 1600, 3)",651908431678,7521354
ResNet-38V2,"(1, 1792, 1792, 3)",817752809278,9149514
ResNet-38V2,"(1, 2400, 2400, 3)",1466788431678,15521354
ResNet-47V2,"(1, 64, 64, 3)",1303565369,1406506
ResNet-47V2,"(1, 75, 75, 3)",1829011593,1406506
ResNet-47V2,"(1, 112, 112, 3)",3980700729,1419306
ResNet-47V2,"(1, 128, 128, 3)",5197706297,1437226
ResNet-47V2,"(1, 150, 150, 3)",7217540473,1437226
ResNet-47V2,"(1, 224, 224, 3)",15906593849,1521706
ResNet-47V2,"(1, 240, 240, 3)",18259110969,1521706
ResNet-47V2,"(1, 256, 256, 3)",20774270009,1560106
ResNet-47V2,"(1, 299, 299, 3)",28499455113,1603626
ResNet-47V2,"(1, 320, 320, 3)",32456692793,1652266
ResNet-47V2,"(1, 331, 331, 3)",34905612425,1652266
ResNet-47V2,"(1, 448, 448, 3)",63609820217,1898026
ResNet-47V2,"(1, 480, 480, 3)",73020660793,1972266
ResNet-47V2,"(1, 568, 568, 3)",102246305849,2136106
ResNet-47V2,"(1, 600, 600, 3)",114090944569,2225706
ResNet-47V2,"(1, 800, 800, 3)",202825358393,2996266
ResNet-47V2,"(1, 896, 896, 3)",254422725689,3403306
ResNet-47V2,"(1, 1024, 1024, 3)",332305544249,4017706
ResNet-47V2,"(1, 1200, 1200, 3)",456349166649,4900906
ResNet-47V2,"(1, 1600, 1600, 3)",811284878393,7796266
ResNet-47V2,"(1, 1792, 1792, 3)",1017674347577,9424426
ResNet-47V2,"(1, 2400, 2400, 3)",1825384078393,15796266
MobileNet-small0.75-v3,"(1, 32, 32, 3)",18104366,4221362
MobileNet-small0.75-v3,"(1, 56, 56, 3)",23430746,4221362
MobileNet-small1.0-v3,"(1, 32, 32, 3)",18728084,4320632
MobileNet-small1.0-v3,"(1, 56, 56, 3)",25227188,4320632
MobileNet-small1.5-v3,"(1, 32, 32, 3)",19972256,4519172
MobileNet-small1.5-v3,"(1, 56, 56, 3)",28808096,4519172
MobileNet-large1.0-v3,"(1, 32, 32, 3)",46114838,10037304
MobileNet-large1.0-v3,"(1, 56, 56, 3)",69944774,10037304
ResNet-38V2,"(1, 32, 32, 3)",265193278,1123914
ResNet-38V2,"(1, 56, 56, 3)",802959166,1123914
ResNet-47V2,"(1, 32, 32, 3)",330030137,1398826
ResNet-47V2,"(1, 56, 56, 3)",999280697,1398826
DPN-98,"(1, 56, 56, 3)",2009025222,61701472
DPN-107,"(1, 56, 56, 3)",3074150556,87055456
SENet-154,"(1, 224, 224, 3)",41650147245,115336536
SENet-154,"(1, 240, 240, 3)",48342517677,115336536
SENet-154,"(1, 256, 256, 3)",54324420525,115336536
SENet-154,"(1, 299, 299, 3)",76962874157,115336536
SENet-154,"(1, 320, 320, 3)",84742676397,115336536
SENet-154,"(1, 331, 331, 3)",93908065069,115336536
SENet-154,"(1, 448, 448, 3)",165858025389,115336536
SENet-154,"(1, 480, 480, 3)",190361620397,115336536
SENet-154,"(1, 568, 568, 3)",271730486701,115336536
SENet-154,"(1, 600, 600, 3)",302866066861,115336536
DPN-137,"(1, 28, 28, 3)",952499846,79413504
DPN-137,"(1, 32, 32, 3)",970411526,79413504
DPN-137,"(1, 56, 56, 3)",2743539590,79413504
DPN-137,"(1, 64, 64, 3)",2931922310,79413504
DPN-137,"(1, 75, 75, 3)",4468833926,79413504
DPN-137,"(1, 112, 112, 3)",8479280006,79413504
DPN-137,"(1, 128, 128, 3)",10777965446,79413504
DPN-137,"(1, 150, 150, 3)",16167020294,79413504
DPN-137,"(1, 224, 224, 3)",32354584070,79413504
DPN-137,"(1, 240, 240, 3)",37411521414,79413504
DPN-137,"(1, 256, 256, 3)",42162137990,79413504
DPN-137,"(1, 299, 299, 3)",59543374342,79413504
DPN-137,"(1, 320, 320, 3)",65700267398,79413504
DPN-137,"(1, 331, 331, 3)",72641861254,79413504
DPN-137,"(1, 448, 448, 3)",128468612486,79413504
DPN-137,"(1, 480, 480, 3)",147429883398,79413504
DPN-137,"(1, 568, 568, 3)",210363824006,79413504
DPN-137,"(1, 600, 600, 3)",234455319558,79413504
DPN-137,"(1, 800, 800, 3)",408964654598,79413504
DPN-137,"(1, 896, 896, 3)",512924726150,79413504
DPN-137,"(1, 1024, 1024, 3)",669845588870,79413504
DPN-137,"(1, 1200, 1200, 3)",921316998534,79413504
DPN-137,"(1, 1600, 1600, 3)",1634908894598,79413504
DPN-137,"(1, 1792, 1792, 3)",2050749180806,79413504
DPN-137,"(1, 2400, 2400, 3)",3678149294598,79413504
ResNet-20V2,"(1, 32, 32, 3)",135519560,574090
ResNet-20V2,"(1, 56, 56, 3)",410316104,574090
ResNet-20V2,"(1, 64, 64, 3)",535303496,581770
ResNet-20V2,"(1, 75, 75, 3)",750994872,581770
ResNet-20V2,"(1, 112, 112, 3)",1634622792,594570
ResNet-20V2,"(1, 128, 128, 3)",2134439240,612490
ResNet-20V2,"(1, 150, 150, 3)",2963670664,612490
ResNet-20V2,"(1, 224, 224, 3)",6532062536,696970
ResNet-20V2,"(1, 240, 240, 3)",7498014024,696970
ResNet-20V2,"(1, 256, 256, 3)",8530982216,735370
ResNet-20V2,"(1, 299, 299, 3)",11703003576,778890
ResNet-20V2,"(1, 320, 320, 3)",13328389448,827530
ResNet-20V2,"(1, 331, 331, 3)",14333666744,827530
ResNet-20V2,"(1, 448, 448, 3)",26121475400,1073290
ResNet-20V2,"(1, 480, 480, 3)",29986053448,1147530
ResNet-20V2,"(1, 568, 568, 3)",41987206472,1311370
ResNet-20V2,"(1, 600, 600, 3)",46851204424,1400970
ResNet-20V2,"(1, 800, 800, 3)",83290578248,2171530
ResNet-20V2,"(1, 896, 896, 3)",104479126856,2578570
ResNet-20V2,"(1, 1024, 1024, 3)",136461841736,3192970
ResNet-20V2,"(1, 1200, 1200, 3)",187399986504,4076170
ResNet-20V2,"(1, 1600, 1600, 3)",333155538248,6971530
ResNet-20V2,"(1, 1792, 1792, 3)",417909732680,8599690
ResNet-20V2,"(1, 2400, 2400, 3)",749597138248,14971530
SENet-154,"(1, 800, 800, 3)",528342241197,115336536
SENet-154,"(1, 896, 896, 3)",662689537965,115336536
SENet-154,"(1, 1024, 1024, 3)",865477910445,115336536
SENet-154,"(1, 1200, 1200, 3)",1191219906477,115336536
SENet-154,"(1, 1600, 1600, 3)",2112626401197,115336536
SENet-154,"(1, 1792, 1792, 3)",2650015588269,115336536
ResNet-44,"(1, 32, 32, 3)",198146159,665994
ResNet-44,"(1, 56, 56, 3)",601369199,665994
ResNet-44,"(1, 64, 64, 3)",784672367,667914
ResNet-44,"(1, 75, 75, 3)",1095493039,667914
ResNet-44,"(1, 112, 112, 3)",2397597807,671114
ResNet-44,"(1, 128, 128, 3)",3130777199,675594
ResNet-44,"(1, 150, 150, 3)",4336225327,675594
ResNet-44,"(1, 224, 224, 3)",9582565487,696714
ResNet-44,"(1, 240, 240, 3)",10999955567,696714
ResNet-44,"(1, 256, 256, 3)",12515196527,706314
ResNet-44,"(1, 299, 299, 3)",17146605487,717194
ResNet-44,"(1, 320, 320, 3)",19553511023,729354
ResNet-44,"(1, 331, 331, 3)",21003691439,729354
ResNet-44,"(1, 448, 448, 3)",38322349679,790794
ResNet-44,"(1, 480, 480, 3)",43992103023,809354
ResNet-44,"(1, 568, 568, 3)",61599935087,850314
ResNet-44,"(1, 600, 600, 3)",68735993967,872714
ResNet-44,"(1, 800, 800, 3)",122195597423,1065354
ResNet-44,"(1, 896, 896, 3)",153281486447,1167114
ResNet-44,"(1, 1024, 1024, 3)",200203583087,1320714
ResNet-44,"(1, 1200, 1200, 3)",274936549487,1541514
ResNet-44,"(1, 1600, 1600, 3)",488774477423,2265354
ResNet-44,"(1, 1792, 1792, 3)",613118033519,2672394
ResNet-44,"(1, 2400, 2400, 3)",1099739277423,4265354
ResNet-152,"(1, 1792, 1792, 3)",1446384740738,60419944
ResNet-152,"(1, 2400, 2400, 3)",2594261521794,60419944
ResNext-50,"(1, 28, 28, 3)",217750801,25097137
ResNext-101,"(1, 28, 28, 3)",408786873,44315569
SEResNet-18,"(1, 28, 28, 3)",93706883,11788969
SEResNet-34,"(1, 28, 28, 3)",187530679,21976669
SEResNet-50,"(1, 28, 28, 3)",215516256,28141144
SEResNet-101,"(1, 28, 28, 3)",414186331,49432216
SEResNet-152,"(1, 28, 28, 3)",604630486,66973272
SEResNext-50,"(1, 28, 28, 3)",228028880,27628120
SEResNext-101,"(1, 28, 28, 3)",428135642,49093272
ShuffleNet0.5-v1,"(1, 28, 28, 3)",8797394,1270780
ShuffleNet1.0-v1,"(1, 28, 28, 3)",32031266,4396432
ShuffleNet1.5-v1,"(1, 28, 28, 3)",69707762,9377956
ShuffleNet2.0-v1,"(1, 28, 28, 3)",121826882,16215352
ShuffleNet0.5-v2,"(1, 28, 28, 3)",12178753,2296774
ShuffleNet1.0-v2,"(1, 28, 28, 3)",31784253,5043740
ShuffleNet1.5-v2,"(1, 28, 28, 3)",62919689,9266922
ShuffleNet2.0-v2,"(1, 28, 28, 3)",105585061,14966320
MNASNet0.5,"(1, 28, 28, 3)",199475709,1400464
MNASNet0.35,"(1, 28, 28, 3)",108088285,807912
MNASNet0.75,"(1, 28, 28, 3)",425984525,2653536
MNASNet1.0,"(1, 28, 28, 3)",633342109,4214096
MNASNet1.4,"(1, 28, 28, 3)",1208710813,7602928
EfficientNet-B0,"(1, 28, 28, 3)",29438140,5288548
EfficientNet-B1,"(1, 28, 28, 3)",42699502,7794184
EfficientNet-B2,"(1, 28, 28, 3)",49646610,9109994
EfficientNet-B3,"(1, 28, 28, 3)",68833194,12233232
EfficientNet-B4,"(1, 28, 28, 3)",107765634,19341616
ResNet-152V2,"(1, 1792, 1792, 3)",1397759762042,60380648
ResNet-152V2,"(1, 2400, 2400, 3)",2507043582586,60380648
SqueezeNet-v1.1,"(1, 56, 56, 3)",28918021,1235496
SqueezeNet-v1.1,"(1, 512, 512, 3)",3905634229,1235496
DenseNet-121,"(1, 512, 512, 3)",29634818875,8062504
DenseNet-161,"(1, 512, 512, 3)",81974182629,28900936
DenseNet-169,"(1, 512, 512, 3)",35134922187,14307880
DenseNet-201,"(1, 512, 512, 3)",44878311467,20242984
DenseNet-264,"(1, 512, 512, 3)",61579653241,33736232
DPN-92,"(1, 512, 512, 3)",68111965926,37769632
DPN-98,"(1, 512, 512, 3)",122232750918,61701472
DPN-107,"(1, 512, 512, 3)",191598216348,87055456
DPN-137,"(1, 512, 512, 3)",167698828166,79413504
Inception-v1,"(1, 512, 512, 3)",15935779959,6633209
Inception-v3,"(1, 512, 512, 3)",35166469483,23851784
Xception,"(1, 512, 512, 3)",47894949147,22910480
InceptionResNetV2,"(1, 512, 512, 3)",81315173309,55873736
MobileNet0.25-v1,"(1, 512, 512, 3)",427575317,475544
MobileNet0.5-v1,"(1, 512, 512, 3)",1560572517,1342536
MobileNet0.75-v1,"(1, 512, 512, 3)",3398997685,2601976
MobileNet1.0-v1,"(1, 512, 512, 3)",5942850821,4253864
MobileNet0.35-v2,"(1, 512, 512, 3)",612784717,1691208
MobileNet0.5-v2,"(1, 512, 512, 3)",1009023173,1987224
MobileNet0.75-v2,"(1, 512, 512, 3)",2180315477,2663064
MobileNet1.0-v2,"(1, 512, 512, 3)",3140458669,3538984
MobileNet1.3-v2,"(1, 512, 512, 3)",5321077501,5431048
MobileNet1.4-v2,"(1, 512, 512, 3)",6082497197,6156712
ResNet-18,"(1, 512, 512, 3)",19121999547,11699889
ResNet-34,"(1, 512, 512, 3)",38472849259,21815473
ResNet-50,"(1, 512, 512, 3)",40439834651,25636712
ResNet-101,"(1, 512, 512, 3)",79311333097,44707176
ResNet-152,"(1, 512, 512, 3)",118186617218,60419944
ResNet-50V2,"(1, 512, 512, 3)",36490353992,25613800
ResNet-101V2,"(1, 512, 512, 3)",75352939489,44675560
ResNet-152V2,"(1, 512, 512, 3)",114217213562,60380648
ResNet-20,"(1, 512, 512, 3)",20972211367,437642
ResNet-32,"(1, 512, 512, 3)",35512542603,633418
ResNet-44,"(1, 512, 512, 3)",50052873839,829194
ResNet-56,"(1, 512, 512, 3)",64593205075,1024970
ResNet-110,"(1, 512, 512, 3)",130024695637,1905962
ResNet-164,"(1, 512, 512, 3)",195456186199,2786954
ResNet-20V2,"(1, 512, 512, 3)",34117154120,1226890
ResNet-38V2,"(1, 512, 512, 3)",66759401278,1776714
ResNet-47V2,"(1, 512, 512, 3)",83080524857,2051626
ResNet-56V2,"(1, 512, 512, 3)",99401648436,2326538
ResNet-110V2,"(1, 512, 512, 3)",197328389910,3976010
ResNet-164V2,"(1, 512, 512, 3)",295255131384,5625482
ResNet-1001V2,"(1, 512, 512, 3)",1813119624231,31192298
ResNext-50,"(1, 512, 512, 3)",44275788241,25097137
ResNext-101,"(1, 512, 512, 3)",83406083193,44315569
SEResNet-18,"(1, 512, 512, 3)",19130214083,11788969
SEResNet-34,"(1, 512, 512, 3)",38487899959,21976669
SEResNet-50,"(1, 512, 512, 3)",40452269856,28141144
SEResNet-101,"(1, 512, 512, 3)",79341612571,49432216
SEResNet-152,"(1, 512, 512, 3)",118235263126,66973272
SEResNext-50,"(1, 512, 512, 3)",44343535760,27628120
SEResNext-101,"(1, 512, 512, 3)",83518413722,49093272
ShuffleNet0.5-v1,"(1, 512, 512, 3)",1478875574,1270780
ShuffleNet1.0-v1,"(1, 512, 512, 3)",5721833066,4396432
ShuffleNet1.5-v1,"(1, 512, 512, 3)",12728878622,9377956
ShuffleNet2.0-v1,"(1, 512, 512, 3)",22500012242,16215352
ShuffleNet0.5-v2,"(1, 512, 512, 3)",1448525443,2296774
ShuffleNet1.0-v2,"(1, 512, 512, 3)",5102170593,5043740
ShuffleNet1.5-v2,"(1, 512, 512, 3)",10965299759,9266922
ShuffleNet2.0-v2,"(1, 512, 512, 3)",19037912941,14966320
MNASNet0.35,"(1, 512, 512, 3)",108088285,807912
MNASNet0.5,"(1, 512, 512, 3)",199475709,1400464
MNASNet0.75,"(1, 512, 512, 3)",425984525,2653536
MNASNet1.0,"(1, 512, 512, 3)",633342109,4214096
MNASNet1.4,"(1, 512, 512, 3)",1208710813,7602928
EfficientNet-B0,"(1, 512, 512, 3)",4085726980,5288548
EfficientNet-B1,"(1, 512, 512, 3)",6037755022,7794184
EfficientNet-B2,"(1, 512, 512, 3)",6975337890,9109994
EfficientNet-B3,"(1, 512, 512, 3)",10180386834,12233232
EfficientNet-B4,"(1, 512, 512, 3)",15877844034,19341616
EfficientNet-B5,"(1, 512, 512, 3)",24861844700,30389784
EfficientNet-B6,"(1, 512, 512, 3)",35421116332,43040704
EfficientNet-B7,"(1, 512, 512, 3)",54449701146,66347960
SENet-154,"(1, 512, 512, 3)",216555118509,115336536
VGG-16,"(1, 64, 64, 3)",2653660416,43985704
VGG-16,"(1, 128, 128, 3)",10275857664,69151528
VGG-16,"(1, 256, 256, 3)",40764646656,169814824
VGG-16,"(1, 331, 331, 3)",66816201472,245312296
NASNet-Mobile,"(1, 64, 64, 3)",105385814,5326716
NASNet-Mobile,"(1, 128, 128, 3)",383702166,5326716
NASNet-Mobile,"(1, 256, 256, 3)",1497278870,5326716
NASNet-Mobile,"(1, 331, 331, 3)",2629916665,5326716
NASNet-Large,"(1, 64, 64, 3)",1868148675,88949818
NASNet-Large,"(1, 128, 128, 3)",6917229891,88949818
NASNet-Large,"(1, 256, 256, 3)",27115250499,88949818
NASNet-Large,"(1, 331, 331, 3)",47876527473,88949818
VGG-19,"(1, 64, 64, 3)",3343860995,49295400
VGG-19,"(1, 128, 128, 3)",13004809475,74461224
VGG-19,"(1, 256, 256, 3)",51648603395,175124520
VGG-19,"(1, 331, 331, 3)",84580948227,250621992
VGG-19,"(1, 256, 256, 3)",51648603395,175124520
SqueezeNet-v1.1,"(1, 90, 90, 3)",85179269,1235496
SqueezeNet-v1.1,"(1, 512, 512, 3)",3905634229,1235496
SqueezeNet-v1.1,"(1, 720, 720, 3)",7822306053,1235496
DenseNet-121,"(1, 90, 90, 3)",877356283,8062504
DenseNet-121,"(1, 512, 512, 3)",29634818875,8062504
DenseNet-121,"(1, 720, 720, 3)",58491515707,8062504
DenseNet-161,"(1, 512, 512, 3)",81974182629,28900936
DenseNet-161,"(1, 720, 720, 3)",161495539329,28900936
DenseNet-169,"(1, 90, 90, 3)",1008296331,14307880
DenseNet-169,"(1, 512, 512, 3)",35134922187,14307880
DenseNet-169,"(1, 720, 720, 3)",69190033355,14307880
DenseNet-201,"(1, 90, 90, 3)",1253427179,20242984
DenseNet-201,"(1, 512, 512, 3)",44878311467,20242984
DenseNet-201,"(1, 720, 720, 3)",88399275563,20242984
DenseNet-264,"(1, 512, 512, 3)",61579653241,33736232
DenseNet-264,"(1, 720, 720, 3)",120941908501,33736232
DPN-92,"(1, 90, 90, 3)",2512305382,37769632
DPN-92,"(1, 512, 512, 3)",68111965926,37769632
DPN-92,"(1, 720, 720, 3)",135135105382,37769632
DPN-98,"(1, 90, 90, 3)",4489188710,61701472
DPN-98,"(1, 512, 512, 3)",122232750918,61701472
DPN-98,"(1, 720, 720, 3)",242382185414,61701472
DPN-107,"(1, 90, 90, 3)",6997775004,87055456
DPN-107,"(1, 512, 512, 3)",191598216348,87055456
DPN-107,"(1, 720, 720, 3)",379710236444,87055456
DPN-137,"(1, 90, 90, 3)",6141559174,79413504
DPN-137,"(1, 512, 512, 3)",167698828166,79413504
DPN-137,"(1, 720, 720, 3)",332250951174,79413504
Inception-v1,"(1, 512, 512, 3)",15935779959,6633209
Inception-v1,"(1, 720, 720, 3)",31799360741,6633209
Inception-v3,"(1, 90, 90, 3)",541790891,23851784
Inception-v3,"(1, 512, 512, 3)",35166469483,23851784
Inception-v3,"(1, 720, 720, 3)",72566819595,23851784
Xception,"(1, 90, 90, 3)",1624974667,22910480
Xception,"(1, 512, 512, 3)",47894949147,22910480
Xception,"(1, 720, 720, 3)",95025715947,22910480
InceptionResNetV2,"(1, 90, 90, 3)",1107203133,55873736
InceptionResNetV2,"(1, 512, 512, 3)",81315173309,55873736
InceptionResNetV2,"(1, 720, 720, 3)",168184119037,55873736
MobileNet0.25-v1,"(1, 90, 90, 3)",12383509,475544
MobileNet0.25-v1,"(1, 512, 512, 3)",427575317,475544
MobileNet0.25-v1,"(1, 720, 720, 3)",839585429,475544
MobileNet0.5-v1,"(1, 90, 90, 3)",43114085,1342536
MobileNet0.5-v1,"(1, 512, 512, 3)",1560572517,1342536
MobileNet0.5-v1,"(1, 720, 720, 3)",3064659813,1342536
MobileNet0.75-v1,"(1, 90, 90, 3)",92197813,2601976
MobileNet0.75-v1,"(1, 512, 512, 3)",3398997685,2601976
MobileNet0.75-v1,"(1, 720, 720, 3)",6675229237,2601976
MobileNet1.0-v1,"(1, 90, 90, 3)",159634693,4253864
MobileNet1.0-v1,"(1, 512, 512, 3)",5942850821,4253864
MobileNet1.0-v1,"(1, 720, 720, 3)",11671293701,4253864
MobileNet0.35-v2,"(1, 90, 90, 3)",21178293,1691208
MobileNet0.35-v2,"(1, 512, 512, 3)",612784717,1691208
MobileNet0.35-v2,"(1, 720, 720, 3)",1192782613,1691208
MobileNet0.5-v2,"(1, 90, 90, 3)",31221733,1987224
MobileNet0.5-v2,"(1, 512, 512, 3)",1009023173,1987224
MobileNet0.5-v2,"(1, 720, 720, 3)",1966193605,1987224
MobileNet0.75-v2,"(1, 90, 90, 3)",62338757,2663064
MobileNet0.75-v2,"(1, 512, 512, 3)",2180315477,2663064
MobileNet0.75-v2,"(1, 720, 720, 3)",4260022229,2663064
MobileNet1.0-v2,"(1, 90, 90, 3)",85686765,3538984
MobileNet1.0-v2,"(1, 512, 512, 3)",3140458669,3538984
MobileNet1.0-v2,"(1, 720, 720, 3)",6129409709,3538984
MobileNet1.3-v2,"(1, 90, 90, 3)",143447197,5431048
MobileNet1.3-v2,"(1, 512, 512, 3)",5321077501,5431048
MobileNet1.3-v2,"(1, 720, 720, 3)",10388201741,5431048
MobileNet1.4-v2,"(1, 90, 90, 3)",163171301,6156712
MobileNet1.4-v2,"(1, 512, 512, 3)",6082497197,6156712
MobileNet1.4-v2,"(1, 720, 720, 3)",11873272069,6156712
ResNet-18,"(1, 90, 90, 3)",676286715,11699889
ResNet-18,"(1, 512, 512, 3)",19121999547,11699889
ResNet-18,"(1, 720, 720, 3)",38172350139,11699889
ResNet-34,"(1, 90, 90, 3)",1369165803,21815473
ResNet-34,"(1, 512, 512, 3)",38472849259,21815473
ResNet-34,"(1, 720, 720, 3)",76634353003,21815473
ResNet-50,"(1, 90, 90, 3)",1449593499,25636712
ResNet-50,"(1, 512, 512, 3)",40439834651,25636712
ResNet-50,"(1, 720, 720, 3)",80597665819,25636712
ResNet-101,"(1, 90, 90, 3)",2852843881,44707176
ResNet-101,"(1, 512, 512, 3)",79311333097,44707176
ResNet-101,"(1, 720, 720, 3)",157430415593,44707176
ResNet-152,"(1, 90, 90, 3)",4249762818,60419944
ResNet-152,"(1, 512, 512, 3)",118186617218,60419944
ResNet-152,"(1, 720, 720, 3)",234277201282,60419944
ResNet-50V2,"(1, 90, 90, 3)",1315773512,25613800
ResNet-50V2,"(1, 512, 512, 3)",36490353992,25613800
ResNet-50V2,"(1, 720, 720, 3)",72826196808,25613800
ResNet-101V2,"(1, 90, 90, 3)",2718710497,44675560
ResNet-101V2,"(1, 512, 512, 3)",75352939489,44675560
ResNet-101V2,"(1, 720, 720, 3)",149641320929,44675560
ResNet-152V2,"(1, 90, 90, 3)",4115242362,60380648
ResNet-152V2,"(1, 512, 512, 3)",114217213562,60380648
ResNet-152V2,"(1, 720, 720, 3)",226466333818,60380648
ResNet-20,"(1, 90, 90, 3)",658379367,276362
ResNet-20,"(1, 512, 512, 3)",20972211367,437642
ResNet-20,"(1, 720, 720, 3)",41472158887,583562
ResNet-32,"(1, 90, 90, 3)",1115132171,472138
ResNet-32,"(1, 512, 512, 3)",35512542603,633418
ResNet-32,"(1, 720, 720, 3)",70225472907,779338
ResNet-44,"(1, 90, 90, 3)",1571884975,667914
ResNet-44,"(1, 512, 512, 3)",50052873839,829194
ResNet-44,"(1, 720, 720, 3)",98978786927,975114
ResNet-56,"(1, 90, 90, 3)",2028637779,863690
ResNet-56,"(1, 512, 512, 3)",64593205075,1024970
ResNet-56,"(1, 720, 720, 3)",127732100947,1170890
ResNet-110,"(1, 90, 90, 3)",4084025397,1744682
ResNet-110,"(1, 512, 512, 3)",130024695637,1905962
ResNet-110,"(1, 720, 720, 3)",257122014037,2051882
ResNet-164,"(1, 90, 90, 3)",6139413015,2625674
ResNet-164,"(1, 512, 512, 3)",195456186199,2786954
ResNet-164,"(1, 720, 720, 3)",386511927127,2932874
ResNet-20V2,"(1, 90, 90, 3)",1076440456,581770
ResNet-20V2,"(1, 512, 512, 3)",34117154120,1226890
ResNet-20V2,"(1, 720, 720, 3)",67465205064,1810570
ResNet-38V2,"(1, 90, 90, 3)",2106578302,1131594
ResNet-38V2,"(1, 512, 512, 3)",66759401278,1776714
ResNet-38V2,"(1, 720, 720, 3)",132014399294,2360394
ResNet-47V2,"(1, 90, 90, 3)",2621647225,1406506
ResNet-47V2,"(1, 512, 512, 3)",83080524857,2051626
ResNet-47V2,"(1, 720, 720, 3)",164288996409,2635306
ResNet-56V2,"(1, 90, 90, 3)",3136716148,1681418
ResNet-56V2,"(1, 512, 512, 3)",99401648436,2326538
ResNet-56V2,"(1, 720, 720, 3)",196563593524,2910218
ResNet-110V2,"(1, 90, 90, 3)",6227129686,3330890
ResNet-110V2,"(1, 512, 512, 3)",197328389910,3976010
ResNet-110V2,"(1, 720, 720, 3)",390211176214,4559690
ResNet-164V2,"(1, 90, 90, 3)",9317543224,4980362
ResNet-164V2,"(1, 512, 512, 3)",295255131384,5625482
ResNet-164V2,"(1, 720, 720, 3)",583858758904,6209162
ResNext-50,"(1, 90, 90, 3)",1578374289,25097137
ResNext-50,"(1, 512, 512, 3)",44275788241,25097137
ResNext-50,"(1, 720, 720, 3)",88117089745,25097137
ResNext-101,"(1, 90, 90, 3)",2991034169,44315569
ResNext-101,"(1, 512, 512, 3)",83406083193,44315569
ResNext-101,"(1, 720, 720, 3)",165461304441,44315569
SEResNet-18,"(1, 90, 90, 3)",676901379,11788969
SEResNet-18,"(1, 512, 512, 3)",19130214083,11788969
SEResNet-18,"(1, 720, 720, 3)",38188298947,11788969
SEResNet-34,"(1, 90, 90, 3)",1370287415,21976669
SEResNet-34,"(1, 512, 512, 3)",38487899959,21976669
SEResNet-34,"(1, 720, 720, 3)",76663567671,21976669
SEResNet-50,"(1, 90, 90, 3)",1459764192,28141144
SEResNet-50,"(1, 512, 512, 3)",40452269856,28141144
SEResNet-50,"(1, 720, 720, 3)",80612430624,28141144
SEResNet-101,"(1, 90, 90, 3)",2872259291,49432216
SEResNet-101,"(1, 512, 512, 3)",79341612571,49432216
SEResNet-101,"(1, 720, 720, 3)",157471737371,49432216
SEResNet-152,"(1, 90, 90, 3)",4276921686,66973272
SEResNet-152,"(1, 512, 512, 3)",118235263126,66973272
SEResNet-152,"(1, 720, 720, 3)",234347652246,66973272
SEResNext-50,"(1, 90, 90, 3)",1590405456,27628120
SEResNext-50,"(1, 512, 512, 3)",44343535760,27628120
SEResNext-50,"(1, 720, 720, 3)",88241493136,27628120
SEResNext-101,"(1, 90, 90, 3)",3013250138,49093272
SEResNext-101,"(1, 512, 512, 3)",83518413722,49093272
SEResNext-101,"(1, 720, 720, 3)",165665141658,49093272
ShuffleNet0.5-v1,"(1, 90, 90, 3)",54714746,1270780
ShuffleNet0.5-v1,"(1, 512, 512, 3)",1478875574,1270780
ShuffleNet0.5-v1,"(1, 720, 720, 3)",2946556334,1270780
ShuffleNet1.0-v1,"(1, 90, 90, 3)",210017138,4396432
ShuffleNet1.0-v1,"(1, 512, 512, 3)",5721833066,4396432
ShuffleNet1.0-v1,"(1, 720, 720, 3)",11404631642,4396432
ShuffleNet1.5-v1,"(1, 90, 90, 3)",465913322,9377956
ShuffleNet1.5-v1,"(1, 512, 512, 3)",12728878622,9377956
ShuffleNet1.5-v1,"(1, 720, 720, 3)",25374232070,9377956
ShuffleNet2.0-v1,"(1, 90, 90, 3)",822403298,16215352
ShuffleNet2.0-v1,"(1, 512, 512, 3)",22500012242,16215352
ShuffleNet2.0-v1,"(1, 720, 720, 3)",44855357618,16215352
ShuffleNet0.5-v2,"(1, 90, 90, 3)",57046889,2296774
ShuffleNet0.5-v2,"(1, 512, 512, 3)",1448525443,2296774
ShuffleNet0.5-v2,"(1, 720, 720, 3)",2899833119,2296774
ShuffleNet1.0-v2,"(1, 90, 90, 3)",190377357,5043740
ShuffleNet1.0-v2,"(1, 512, 512, 3)",5102170593,5043740
ShuffleNet1.0-v2,"(1, 720, 720, 3)",10200661081,5043740
ShuffleNet1.5-v2,"(1, 90, 90, 3)",404102785,9266922
ShuffleNet1.5-v2,"(1, 512, 512, 3)",10965299759,9266922
ShuffleNet1.5-v2,"(1, 720, 720, 3)",21907127747,9266922
ShuffleNet2.0-v2,"(1, 90, 90, 3)",698223173,14966320
ShuffleNet2.0-v2,"(1, 512, 512, 3)",19037912941,14966320
ShuffleNet2.0-v2,"(1, 720, 720, 3)",38019233117,14966320
MNASNet0.35,"(1, 90, 90, 3)",108088285,807912
MNASNet0.35,"(1, 512, 512, 3)",108088285,807912
MNASNet0.35,"(1, 720, 720, 3)",108088285,807912
MNASNet0.5,"(1, 90, 90, 3)",199475709,1400464
MNASNet0.5,"(1, 512, 512, 3)",199475709,1400464
MNASNet0.5,"(1, 720, 720, 3)",199475709,1400464
MNASNet0.75,"(1, 90, 90, 3)",425984525,2653536
MNASNet0.75,"(1, 512, 512, 3)",425984525,2653536
MNASNet0.75,"(1, 720, 720, 3)",425984525,2653536
MNASNet1.0,"(1, 90, 90, 3)",633342109,4214096
MNASNet1.0,"(1, 512, 512, 3)",633342109,4214096
MNASNet1.0,"(1, 720, 720, 3)",633342109,4214096
MNASNet1.4,"(1, 90, 90, 3)",1208710813,7602928
MNASNet1.4,"(1, 512, 512, 3)",1208710813,7602928
MNASNet1.4,"(1, 720, 720, 3)",1208710813,7602928
EfficientNet-B0,"(1, 90, 90, 3)",154232860,5288548
EfficientNet-B0,"(1, 512, 512, 3)",4085726980,5288548
EfficientNet-B0,"(1, 720, 720, 3)",8183072596,5288548
EfficientNet-B1,"(1, 90, 90, 3)",227566286,7794184
EfficientNet-B1,"(1, 512, 512, 3)",6037755022,7794184
EfficientNet-B1,"(1, 720, 720, 3)",12115898366,7794184
EfficientNet-B2,"(1, 90, 90, 3)",263709810,9109994
EfficientNet-B2,"(1, 512, 512, 3)",6975337890,9109994
EfficientNet-B2,"(1, 720, 720, 3)",14003005810,9109994
EfficientNet-B3,"(1, 90, 90, 3)",380343386,12233232
EfficientNet-B3,"(1, 512, 512, 3)",10180386834,12233232
EfficientNet-B3,"(1, 720, 720, 3)",20415039626,12233232
EfficientNet-B4,"(1, 90, 90, 3)",595640786,19341616
EfficientNet-B4,"(1, 512, 512, 3)",15877844034,19341616
EfficientNet-B4,"(1, 720, 720, 3)",31863479154,19341616
MobileNet-small0.75-v3,"(1, 90, 90, 3)",33757058,4221362
MobileNet-small0.75-v3,"(1, 512, 512, 3)",533775566,4221362
MobileNet-small0.75-v3,"(1, 720, 720, 3)",1052229320,4221362
MobileNet-small1.0-v3,"(1, 90, 90, 3)",37754604,4320632
MobileNet-small1.0-v3,"(1, 512, 512, 3)",643000724,4320632
MobileNet-small1.0-v3,"(1, 720, 720, 3)",1271498412,4320632
MobileNet-small1.5-v3,"(1, 90, 90, 3)",45720320,4519172
MobileNet-small1.5-v3,"(1, 512, 512, 3)",860615456,4519172
MobileNet-small1.5-v3,"(1, 720, 720, 3)",1708371092,4519172
MobileNet-large1.0-v3,"(1, 90, 90, 3)",116342470,10037304
MobileNet-large1.0-v3,"(1, 512, 512, 3)",2348222198,10037304
MobileNet-large1.0-v3,"(1, 720, 720, 3)",4650887654,10037304
ResNet-200,"(1, 90, 90, 3)",7509671427,3213002
ResNet-200,"(1, 512, 512, 3)",239077179907,3374282
ResNet-200,"(1, 720, 720, 3)",472771869187,3520202
Basic_3,"(1, 64, 64, 3)",2281559607,24124520
Basic_3,"(1, 128, 128, 3)",9724253751,66067560
Basic_3,"(1, 224, 224, 3)",30683397687,191896680
Basic_4,"(1, 64, 64, 3)",5539775031,36524648
Basic_4,"(1, 128, 128, 3)",23665361463,78467688
AlexNet,"(1, 224, 224, 3)",1182318421,38366593
AlexNet,"(1, 256, 256, 3)",1669386837,41512321
AlexNet,"(1, 512, 512, 3)",9391145557,142175617
